idx,title,created_utc
0,My cab driver tonight was so excited to share with me that he‚Äôd made the cover of the calendar. I told him I‚Äôd help let the world see,12-27-2017 22:00:55
1,Guardians of the Front Page,12-05-2016 12:41:14
2,Gas station worker takes precautionary measures after customer refused to put out his cigarette,10-03-2017 16:10:50
3,The conversation my son and I will have on Christmas Eve.,12-19-2017 14:24:04
4,The Denver Broncos have the entire town of ‚ÄòSouth Park‚Äô in the stands for today‚Äôs NFL game.,09-27-2020 14:33:58
5,Printers,09-10-2019 14:25:47
6,Just increased my car‚Äôs value by 1 billion dollars,07-30-2020 19:14:12
7,My grandma wanted some ‚Äúcreative‚Äù grad photos of my friend since we‚Äôre graduating at the same time. This was her least favorite,05-05-2020 15:43:57
8,"Today one of my 4th grade students renamed himself ""reconecting ..."" on our Zoom call and pretended that he was having internet issues to avoid participating in our lesson.",05-11-2020 15:26:45
9,Reddit's Immigrants,07-29-2017 08:56:39
10,Sheep in Human Clothing,07-28-2020 07:35:43
11,I took a few shots at Lake Louise today and Google offered me this panorama:,01-18-2018 08:35:37
12,My kids came in and told me there was water coming from the laundry room. They said it looked like it started at the washer. I rushed in to find this. Buncha comedians in my house...,01-27-2020 08:22:27
13,"""Are you sure you want to go back to the Old Version?""",11-09-2020 15:43:45
14,These damn ads are what did it!,01-16-2018 10:25:37
15,Irish man leaves funny recording for his funeral!,10-13-2019 15:49:11
16,"I get an email every time I get a package delivered to my apartment‚Äôs mailroom. It‚Äôs supposed to be a photo of the label, but there‚Äôs this one guy...",08-31-2018 16:16:09
17,UPDATE. EA announces plans for next gen controller.,11-14-2017 09:52:06
18,Bollywood at it finest.,12-15-2017 00:22:14
19,"""Where's your mask?"" prank",03-20-2021 13:33:02
20,Please enjoy this video of me getting rocked by a trash can.,03-10-2020 20:33:19
21,Experts recommend keeping your daily rituals even while working from home,03-16-2020 05:43:54
22,Prof of culture indeed.,03-07-2020 13:29:41
23,I got my mask in the mail. Maybe I should've gone with a better quality...,07-23-2020 20:20:17
24,My son happened across a herd of other t-rex last night and they asked him to join them.,11-01-2019 14:45:46
25,I found a bunch of fake cameras at Goodwill,01-09-2018 09:30:42
26,I figured out you don‚Äôt actually have to assemble these things.,06-03-2020 07:36:44
27,"Bill Burr on Good Day NY, sharp as ever.",09-06-2018 09:56:59
28,I'm that sibling,01-15-2018 21:19:18
29,please hold me,07-09-2020 15:35:57
30,Got this big roll of toilet paper as a gag gift for Christmas. Whose laughing now!?,03-14-2020 15:42:58
31,My son drew this in 5th grade. Perhaps I'm biased but I thought it was clever and funny.,10-09-2020 13:37:03
32,Middle child asserting dominance over all others,07-30-2019 10:48:10
33,"After getting hit by a car this year, I thought this was the only appropriate costume for Halloween!",11-02-2020 11:22:55
34,"Citizen of Golden, CO (home of Coors and about a dozen other breweries) was upset people drink beer in their town.",01-29-2019 12:53:56
35,Shoutout to the 13-year-old on a skateboard who called me a ‚Äúcandy corn bitch‚Äù,06-09-2018 10:18:52
36,"My 13 years old daughter has a great sense of humour, she drew this today!",07-11-2020 19:13:34
37,This is the best thing I've done on snapchat.,03-07-2017 20:44:55
38,Our baby announcement photo. My wife looked so obnoxiously thin 24 hours after delivery that I joked I looked like the one who had just delivered. So we decided to swap for a funny photo.,12-20-2020 10:15:32
39,"Dude was showing the gorilla pictures of female gorillas and he for real is like ""next one please""",11-13-2017 14:20:54
40,My buddy dressed up as Eleven in honor of Stranger Things season 2.,10-26-2017 12:17:55
41,So inspiring,09-11-2019 14:30:34
42,"Today was ""Meme Day"" at my old high school for homecoming week. I appreciate this science teacher even more now.",09-19-2018 16:58:06
43,Every single Scandinavian crime drama,01-06-2021 07:33:26
44,Ryan Reynolds thought he was attending a sweater party.,12-20-2018 21:56:01
45,Guy wakes up in the wrong house!,09-28-2019 06:40:32
46,Old habits,01-27-2021 08:23:19
47,Girl voice actor pranks Indian scammers,01-05-2020 10:39:27
48,Baltimore accents,12-16-2019 16:21:47
49,Quarantine made it clear,04-08-2020 14:46:54
50,Dad afraid of heights trying to get a look üòÇ,03-15-2020 20:29:00
51,A picture of my brother in P.E class today,09-16-2020 20:42:10
52,poor security,12-24-2020 14:07:25
53,He did say please,06-24-2020 08:46:37
54,Salt Lake Tribune,01-29-2021 21:25:03
55,I could see how this could be taken out of context...,11-19-2018 13:11:17
56,"Thankful to this unknown man for striking a pose and for not messing with my camera set up after he stumbled upon it. Also added, a bobcat using the log just a couple weeks prior.",08-05-2020 02:16:27
57,All my husband wanted for Valentines was this stupid dinosaur costume. Ask and you shall receive...,02-14-2018 12:29:54
58,No one is breaking into this house!,07-10-2018 09:55:05
59,How to clean with Sandstorm,11-29-2018 12:18:52
60,So my friend went to the DMV on Halloween...,10-31-2017 14:14:03
61,My friend was stopped by some tourists to take a photo of them in front of an advertisement for Tape Face in Las Vegas... My friend IS Tape Face.,07-12-2018 13:30:57
62,I had to cut down a tree in my yard and now I feel bad,03-09-2020 15:14:48
63,The struggle is real.,03-29-2021 20:20:52
64,"I found a joke book from 1940, and this has got to be my favorite one.",10-17-2017 10:17:29
65,You spelled ‚Äúnudes‚Äù wrong,09-02-2018 21:02:24
66,"Jeff, the Origin",11-12-2019 16:10:47
67,Due to less air pollution we now can actually see the Universal logo in the sky,04-13-2020 22:11:46
68,Evaluation,11-28-2020 08:19:21
69,Magicians are nothing without their assistant,05-22-2018 12:25:27
70,Flying United.,04-11-2017 07:03:23
71,Slip given out at one of my local bars if security kicks someone out.,03-19-2021 12:00:40
72,Don't mess with this guy,06-15-2018 13:21:30
73,being truly bri'ish,01-21-2021 06:10:17
74,My Husband is a powerlifter and tends to break things around the house on accident. It's become a running joke. He sent me this today.......,12-08-2018 16:07:56
75,Dad ends son‚Äôs basketball career in 17 seconds,08-13-2018 23:03:15
76,Caught my GF taking selfies with my dog. The shade he throws me at the end hurt me...,06-22-2020 14:04:09
77,Oh Canada,03-29-2020 09:56:20
78,Annual Streaming Price,07-09-2020 11:30:21
79,I saw this legend at a stoplight lightning a joint with a piece of glass. I will never be as rad as this guy.,07-27-2018 10:32:54
80,Told you I am not at all interested in all that food.,09-14-2019 08:07:33
81,I just faceswapped my dog and my cat,10-20-2018 08:15:19
82,"""Put your hands up""",08-22-2018 05:50:10
83,A man in India protesting for better roads..,09-02-2019 05:45:57
84,"Is it just me, or is Tom Cruise beginning to look like a middle aged lesbian?",09-22-2017 09:34:25
85,This Amazon review.,02-05-2018 11:34:41
86,Surprising move from the referee.,03-18-2018 08:30:40
87,Ferrari Brakes On Carpet,06-15-2017 11:17:20
88,The only baby picture i have... why?,08-03-2020 15:08:51
89,They totally know,11-22-2020 13:43:15
90,I just want someone who looks at me the way Gal Gadot shamefully remembers she's married.,06-07-2017 09:24:01
91,My crotch goblin realized today that he can climb out of his crib. Someone save me.,11-25-2020 10:29:10
92,"Spanish Flu, 1918. Family Portrait.",03-23-2020 15:20:29
93,Ma Kitten,08-02-2017 12:29:15
94,Browsing in 2019,12-17-2019 13:14:26
95,Positive effects of Reddit on mental health,01-25-2021 07:51:58
96,Minnesota's finest responding to noise complaint ends in epic Super Smash Brothers competition,12-11-2018 18:49:39
97,"The HOA in my friend‚Äôs neighborhood recently threatened her neighbors with a fine if they didn‚Äôt hide their trash cans, even though they‚Äôve been in the same spot for over a decade. This is their solution.",03-21-2018 14:25:00
98,"Day 32, found out house was haunted.",05-01-2020 09:48:57
99,My quarantine birthday is going well.,03-28-2020 17:55:38
100,Dad is fooled by water bottle magic trick,01-16-2019 23:42:22
101,Hats off to the man in the top hat üé©,12-11-2018 13:38:55
102,Sign posted outside a fencing academy!,04-19-2021 14:26:11
103,Late post but I think we found out who my parents‚Äô favorite child is.,01-08-2018 19:48:48
104,United Airlines is proud to present their new club class,04-10-2017 11:28:51
105,"Our AirBnB had a translucent bathroom door. I‚Äôm used to my impatient toddler stalking me through the bathroom door, but this took it to a much creepier level.",12-26-2018 17:28:46
106,"[OC] My 15yo son Jake is an aspiring comic artist, here's the latest from his bedroom door whiteboard!",04-18-2021 16:08:56
107,"I work at a call center. Whenever I get a particularly rude caller, I like to draw what they might look like. Here‚Äôs Angie from today after I asked for her account number.",03-16-2021 17:11:41
108,"Ricky Gervais to celebrities at the Golden Globes: ""You're in no position to lecture the public about anything. You know nothing about the real world.""",01-05-2020 20:36:06
109,"Due to all the health hazards surrounding the Rio Olympics, I figured they could use a new logo. [OC]",08-01-2016 22:16:13
110,"Checkmate, Flat Earthers!",01-14-2018 15:28:51
111,Guy fights off thieves with a bong,10-22-2018 11:06:04
112,My dog isn‚Äôt used to me being home during the day and is just staring at me from different places around the house.,03-18-2020 14:01:07
113,Halloween 2020,11-01-2020 16:52:45
114,These people who set up a tent at an art fair,08-12-2018 19:19:55
115,Isolation is fun!,03-29-2020 13:46:36
116,Petition to end horse racing for this.,07-08-2019 21:12:59
117,The queen's outfit used as a green screen,04-06-2020 20:26:46
118,Favorite martial art partner,08-13-2020 08:13:54
119,Celebrating Christmas with my wife‚Äôs family when suddenly...,12-29-2019 18:30:18
120,Looking at pictures online of people trying to take photos of mirrors they want to sell is my new thing...,03-22-2018 14:28:09
121,Best reaction I‚Äôve personally seen.,08-22-2019 16:45:53
122,"My buddy puts up billboards for a living and is an avid disc golfer, so a group of of local discers pooled together enough money to pull this prank. He had no idea until he finished putting the billboard up.",12-13-2018 19:33:53
123,Is this what they call cat reflexes?,01-28-2021 00:27:37
124,THERE IS NOTHING OUTSIDE MY WINDOW,03-17-2020 15:11:16
125,My 23 Year Old Brother Decided to Shave His Hair and Beard so That He Could Look Like an Old Man...,04-05-2020 11:12:10
126,Just Missed Seeing A Vampire This Morning,02-18-2018 11:37:56
127,And we have a lift off!,07-15-2018 10:28:18
128,My solution to a socially distanced Halloween,09-22-2020 07:17:09
129,"Good news, everybody! The solar eclipse glasses I ordered a month ago finally came!",08-25-2017 12:21:19
130,GO AROUND,07-27-2020 15:47:30
131,Turns out I‚Äôm not very good at online shopping.,04-11-2021 07:52:42
132,"Yes, Bollywood physics are fun, but we never talk about Mexican TV shows realism",01-21-2021 22:47:25
133,A friendly Lizard,06-09-2020 22:03:00
134,Never give up,03-06-2018 15:03:26
135,"I needed my wife and daughters to smile during a photo shoot, so I told a dad joke.",01-11-2019 10:39:08
136,Festivals are so awesome,01-04-2019 07:31:24
137,This definitely caught me off guard.,07-21-2018 08:37:04
138,"Snow fight in Madrid, covered in snow for the first time in 61 years",01-09-2021 07:54:39
139,The Perfect Crime,11-06-2020 12:59:21
140,A scene from an Indian TV show.,08-20-2020 15:37:49
141,20 Years Difference,06-30-2017 18:51:45
142,Friend of a friend's pooch dragged the sprinkler in through the doggy door...,07-19-2018 13:12:07
143,Amtrak Train collides with a track full of snow,03-15-2017 14:48:04
144,Post brain surgery rehab. My hand doesn't work so they taped it up so I could...firmly grasp it.,05-04-2020 19:16:56
145,fucking cats,08-13-2020 11:52:05
146,I annoy my wife by doing this every time she posts a landscape photo.,02-03-2021 14:35:44
147,My sister just discovered stop motion...,08-07-2018 12:33:20
148,The picture NASA doesn't want you to see.,08-18-2017 11:20:56
149,"I was stood taking a photo of my girlfriend in the sea, then realised so was every other Instagram boyfriend.",07-29-2018 06:31:59
150,My dad is a pilot and during the pandemic decided to make a work simulator at home,03-25-2020 11:10:48
151,"That‚Äôs ok, Friday is fine.",10-15-2018 17:45:49
152,"My daughter won our town's ""Name the Street Sweeper"" contest.",05-10-2021 15:26:48
153,Strike a pose,10-10-2020 03:56:35
154,At least someone is having fun during quarentine,09-17-2020 11:14:14
155,Can‚Äôt turn away for a second.,11-08-2018 17:09:47
156,"My local weather station, telling it in real life terms.",11-28-2018 11:27:05
157,Told my boyfriend I was getting him a burger for Christmas,12-27-2020 13:59:17
158,Reminds me of taking a bath,02-03-2019 22:41:01
159,"I like to take videos of my wife, and tell her I'm taking pictures.",10-28-2020 10:46:52
160,Caught my wife red handed.,09-04-2020 13:46:44
161,My cat losing his day job,12-08-2020 14:05:55
162,my morning shower,03-29-2021 12:28:51
163,Finally redone correctly.,01-17-2018 16:47:06
164,When my wife had an ultrasound for our first child I took a photo of the print out so she could send to friends and family on what‚Äôs app. Instead I sent her this xenomorph image and she sent it to everyone before realising what it was. She was not amused.,05-05-2020 10:24:14
165,"Renovating the house, decided to put this in the wall before its boarded up so I can give the next person who renovates the house a heart attack",06-30-2020 22:27:04
166,Since my bathroom door broke I don‚Äôt get to poop alone anymore.,02-19-2020 14:41:57
167,"Forecast was for freezing rain, but had to go check it out...",02-11-2019 10:45:14
168,Henry cavill suprises will smith,12-28-2019 15:59:57
169,Let me just break this board,10-24-2018 13:13:51
170,Today on reddit,04-10-2019 13:00:35
171,History professor teaches about the first man in space.,11-07-2018 20:21:59
172,I turned 30 today. Party? Anyone?,12-04-2020 15:15:35
173,Wife left me alone with the kids for the first time and after asking for an update I sent her this,09-26-2018 22:45:18
174,My sister‚Äôs school health clinic may need some emoji-education,01-30-2020 12:01:26
175,vast difference,12-31-2019 17:48:33
176,Two drunk gentlemen try to pass each other,02-28-2018 09:31:07
177,"Well, duh.",03-21-2021 21:47:23
178,Sent picture of my kids (left) to the wrong number and their (right) response was....,06-30-2019 11:33:10
179,Jamaican Super Lotto winner taking NO CHANCES,02-10-2019 19:23:58
180,My window cracked so I fixed it the only way I know how,04-04-2019 17:18:37
181,Windows being Windows,06-04-2017 09:53:30
182,He waited his enitre life for this moment,04-05-2018 07:43:06
183,I came in to the office early and switched as many M and N keys on keyboards as I could. Some might say I'm a monster but others will say nomster.,10-25-2019 05:58:38
184,When the boss tells you it's u r g e n t,11-22-2020 07:18:35
185,[OC] ‚Äúsweet glutes bro..‚Äù,06-15-2020 16:19:24
186,My car thinks the drive thru attendant is a cone.,04-28-2020 15:10:24
187,My daughter always steals printer paper to draw on so for Christmas I wrapped a pack of 500 pages of paper. She started running around screaming with excitement. Easiest present ever.,12-27-2019 07:21:30
188,Thank you Reddit for making my dads day!,06-26-2017 13:43:55
189,If watching the Discovery channel has taught me anything,02-23-2021 08:23:09
190,I asked for extra spicy Pad Thai today.,10-05-2017 19:56:48
191,Getting a tan,06-23-2019 08:57:39
192,s i m u l a t i o n,03-10-2019 11:15:20
193,Welcome to the Ocean,05-06-2021 10:14:10
194,So much respect for this guy.,10-28-2017 11:17:07
195,I get it now... I think,02-01-2021 15:03:58
196,Miami is a Mario Kart track now,09-12-2017 18:59:39
197,My wife does planks around the house and I come home to this absolute unit of a son.,09-26-2019 00:35:25
198,My brain MRI looks like the Grinch.,08-08-2020 11:02:12
199,[OC] Report Card,05-28-2020 13:40:00
200,Good Networking Advice,02-08-2019 15:35:34
201,My sister keeps photoshopping her cat‚Äôs face onto bees,04-18-2020 13:46:57
202,"My fianc√©e thinks I can only embarrass him once this month, but now I have obtained the video. Happy Valentine's Day",02-14-2019 11:33:56
203,Wear Your Mask: The Urine Test,04-29-2020 18:16:25
204,Final Boss,02-13-2021 14:14:28
205,i editted myself into SEVEN and switched the head in the box with a pair of pink crocs. Why? No idea.,10-17-2018 17:44:53
206,Assert dominance,08-11-2019 10:01:43
207,"This Gorilla mom is dealing with her eldest son's jealousy of the baby, and she is DONE with his shit",09-02-2020 10:38:25
208,A dad being a dad at a supermarket,07-03-2017 22:45:35
209,The Quirks and Quarks of Reddit,07-23-2020 09:02:30
210,My daughter roasted me for fathers day. I couldn't be more proud,06-21-2020 09:46:10
211,"Rock, paper, scissors.",01-29-2020 21:05:40
212,I knew that the car we used to draw in kindergarten does exist.,08-28-2017 17:07:30
213,Landlord decided to turn down the heat today in my MN apartment as it reached -40¬∞. But the idiot must have forgotten he pays my electric and doesn't realize that I value my comfort over safety or energy conservation.,01-30-2019 23:34:52
214,how long a hotdog can get,07-03-2020 14:30:19
215,Keeping up appearances,01-14-2021 15:13:39
216,Finally got all the lights on. Took years.,06-28-2020 12:40:50
217,Just picked up Ed Sheeran's new album,01-04-2018 00:29:53
218,Cross stitching on a plane...,09-15-2019 19:58:56
219,Sometimes I really wonder if we are in a comedy show of an alien tv...,01-02-2021 06:49:37
220,My wife ran and won her age group in her first 5k this weekend. Here are a couple pictures from the race.,06-18-2018 15:29:38
221,"With great responsibility, comes greater... err never mind",10-26-2020 06:58:40
222,If birds had arms,07-17-2020 06:57:50
223,Conor McGregor got his newborn son a 3-piece suit for the big fight.,08-24-2017 11:00:54
224,How to NOT do the robbery,02-14-2018 07:14:19
225,I switched out all my co-worker's cheat sheets while he was out.,02-05-2019 17:12:50
226,How I deal with my problems,12-10-2019 15:07:47
227,Computer Monitors,10-05-2020 14:54:56
228,"My fourth grader‚Äôs math homework. She said, ‚ÄúThis way I didn‚Äôt even need to think about it.‚Äù",12-01-2020 11:10:01
229,This pen!,10-05-2020 04:46:35
230,did I waste my life,09-30-2019 14:21:05
231,Someone called the police on kids sledding down a road so the cops investigated,02-06-2019 23:43:33
232,"My feelings towards baths, showers, sleeping, relationships, college...",05-19-2020 14:33:23
233,I'm 49 ..... Just found this in my mum's bookcase .....WTF üòÇü§£üòÇ,06-13-2020 05:24:22
234,This is the most perfect photo I took in 7 years as a cat owner,03-06-2021 14:55:09
235,It's a bit breezy out there today,03-09-2017 15:24:30
236,My lady friend wanted a piggy back picture on the beach and a random biker watching the sunset said he wanted one too.,10-16-2017 01:07:19
237,Grand opening,08-11-2017 10:56:02
238,When Your Girls Insist The Costco Clerk Is Maui from Moana,01-11-2018 20:36:40
239,"I was tasked with clearing out the crawlspace, but then I found my old slot car track and progress haulted. A+ would clean again.",11-28-2020 15:55:16
240,twice a year : D,03-08-2019 11:04:04
241,Outwitting a driver who won't let you pass,05-01-2018 07:45:10
242,Courtesy of my local PD,09-03-2019 18:52:10
243,[OC] Bedroom Toys (remastered),08-10-2020 09:50:43
244,The Secret Life of Redditors,12-15-2018 07:58:44
245,"May have just found next ‚ÄúYanni or Laurel‚Äù soundbite thanks to my daughter‚Äôs obsession with Elmo. Listen once thinking Grover says ‚ÄúYes, yes, that‚Äôs a f**king excellent idea‚Äù then again KNOWING he actually says ‚ÄúYes, yes, that sounds like an excellent idea.‚Äù I hear either based on what I‚Äôm thinking",12-27-2018 09:23:56
246,Grandpa gets a pair of light up shoes,09-27-2016 09:26:49
247,The sign on my husbands graphic design department,08-12-2020 09:40:17
248,2020 Halftime,06-04-2020 13:02:48
249,Monopoly Man in background during Equifax Senate Hearing,10-04-2017 10:35:48
250,Trash Panda‚Äôs got a trick for the kitties,08-01-2017 07:27:18
251,Unbearable,07-08-2020 14:45:47
252,Mark Wahlberg invited this homeless man to eat for free at his restaurant.. Respect,02-09-2019 15:31:31
253,Tell me your favorite song,02-20-2019 10:58:33
254,This is what jealousy looks like,11-23-2020 07:30:31
255,I Guess it was a windy day,08-08-2019 11:21:03
256,People fighting with hand sanitizers behind sport's newscast,02-10-2020 19:46:41
257,Bear messing with water tank gets hit in the nuts!,11-16-2017 20:31:20
258,Kevin Harts halloween costume cracks me up,10-31-2019 07:22:11
259,A memorial for the squirrel that ate through a wire that canceled classes for two days. It was paid for by the undergrad class. (from FB),10-20-2019 12:41:49
260,I'm fat and I'm pregnant and I have no shame.,11-01-2017 14:47:04
261,So much rage,01-21-2018 08:32:44
262,"I work in a call center. Sometimes I to draw what my particularly rude callers look like; but sometimes I like to draw the kind ones. Here‚Äôs Bonnie from today, who just wanted someone to talk to.",03-30-2021 17:19:49
263,My blind friend got engaged yesterday....he‚Äôs pretty sure.,09-22-2019 12:18:20
264,Had to get my blood drawn today. This was on the wall at the lab.,01-10-2018 17:14:47
265,Every year I try to disguise my sister's Christmas present. This year I think I went a little too far...,12-03-2018 09:54:08
266,Service with a smile from UPS,11-08-2018 13:19:37
267,General Kenobi,03-06-2020 04:46:09
268,[OC] Jellyfish sting,10-28-2020 16:09:35
269,My dad and I recreated a tender moment 34 years later,02-02-2019 21:28:43
270,"Took this picture of my dog the other day and someone said ""Looks like a Vogue cover"" and then this happened",12-20-2018 14:05:06
271,This lady is out getting supplies.,03-21-2020 11:02:47
272,"My daughter drew this in kindergarten. Title: ""Moms chatting after school""",07-14-2020 11:29:02
273,This is my last resort,01-24-2018 21:06:43
274,"My kid did this portrait of me over 10 years ago. I still look the same, IMO.",02-23-2020 19:23:35
275,Lord of the Rings in 2017,05-26-2017 06:50:59
276,My neighbor is 3 kids in a trench coat,11-13-2019 12:10:44
277,"""How do you like it?""",10-20-2017 10:43:50
278,Bro support his Homies,11-06-2018 09:00:47
279,A year ago I started sending my GF these photos whenever she asked if the baby was ok,11-16-2020 13:36:52
280,What if we use 100% of our brain?,08-05-2020 22:23:00
281,Hi 5,10-21-2020 19:40:56
282,My states Police department made an April fools video.,03-31-2021 19:37:52
283,Kazakhstani language is the sound of a diesel engine trying to start up in -40 degrees,01-20-2019 17:14:36
284,Ready for first pandemic Halloween,09-08-2020 11:15:11
285,Our Nest came through in a big way when we couldn‚Äôt be home for Halloween,11-01-2019 08:34:09
286,Super gluing a pickle jar lid and asking buff guys to open it,10-14-2020 12:31:22
287,My cat powers up his attacks.,10-16-2017 20:44:00
288,That‚Äôs how anxiety works,01-19-2019 21:27:30
289,Prankmaster Grandma,04-04-2017 05:03:18
290,Brakes broke,02-11-2021 07:03:11
291,Damn right!,09-25-2018 20:59:14
292,"Tom Brady looks like a single, divorced mother that just won full custody of her kids and is leaving the courtroom.",02-04-2018 17:45:23
293,Reddit admins have entered the chat,09-01-2020 14:40:42
294,Not all heroes wear capes.,11-24-2017 14:01:18
295,My 4 year old niece can't read and bought me this birthday card because it featured 'a cute dog with a party hat',07-22-2019 17:10:20
296,My dad sent me a picture this morning and said ‚Äúit finally happened‚Äù,01-12-2021 14:02:40
297,Grower hides from SWAT in warehouse closet,11-13-2017 22:23:08
298,"Just bought a standing desk. I'm 6'4"". GF is....not",04-18-2020 16:47:20
299,It's the little things in life,02-10-2019 09:18:09
300,This is my favorite mug. I got it at a thrift store and have no idea who these people are,10-10-2018 14:57:21
301,"Oh China, never change",03-14-2019 05:46:36
302,This could be a good movie,11-19-2018 06:03:34
303,New Printer,10-20-2020 14:04:39
304,The One.,01-08-2018 09:53:35
305,I've never seen such a quick transition from Intrigue to Disgust,01-19-2020 11:28:20
306,Dick move Alladdin,11-23-2020 11:13:29
307,Sean Connery,09-18-2020 11:41:31
308,This one picture has so much raw emotion,08-12-2020 18:14:00
309,I put googly eyes on my VR glasses and let my grandparents try them out,09-30-2020 15:40:55
310,Finished.,12-28-2019 02:55:27
311,"The fourth largest city of Sweden, Uppsala, is currently flooded. The Swedes aren‚Äôt that concerned",07-29-2018 13:10:42
312,"They pay me to build pipes, not to move rocks.",05-21-2020 13:03:37
313,Feel the burn,05-15-2020 07:23:05
314,My astrophysicists daughter gave me a birthday card,02-27-2020 09:44:35
315,At my local grocery store...,03-14-2020 06:57:13
316,Retail Weekend,01-25-2021 14:44:57
317,Ben notices how tight his pants are tonight on Family Feud,09-24-2020 20:39:41
318,All of my coworkers agreed to dress up as smurfs for Halloween. Im the only one to go through with it.,10-29-2020 18:31:08
319,Sick days,03-01-2021 07:28:13
320,He sent it back to the chef,09-20-2019 17:33:52
321,1 1/2 years later... ‚ÄúOur product doesn‚Äôt last that long!‚Äù O_O,04-02-2018 09:04:29
322,A beard makes a big difference.,02-14-2019 07:37:07
323,"Fiance and I just got the vaccine, haven't noticed any side effects yet",03-02-2021 15:30:10
324,My parents haven't noticed.,12-21-2017 13:37:42
325,Welcome to Cameron‚Äôs car,04-29-2021 19:19:29
326,A brewery near me decided to name their newest beer after a recent email they received,03-14-2021 11:24:09
327,Perfect fit [OC],08-30-2020 11:57:17
328,My wife and I announced today!,10-23-2020 12:49:03
329,Spent 10 minutes snapping pics of my wife so she could have 'the perfect sexy Instagram photo.' When she was finally happy I asked her to return the favour. We got this beauty in one take.,09-15-2019 08:29:14
330,I cancelled a call mid-presentation bc my 9yo told me water was running all over her bathroom floor‚Ä¶,05-25-2021 11:07:47
331,Where did all my money go??,07-29-2019 10:02:55
332,"4 days without a cigarette and a co-worker told me to ""come back in a year"" before I'm proud about it. Mark your calendars, Ladies and Gents.",09-14-2017 13:24:30
333,The calm before the storm.......,12-31-2017 10:22:57
334,My friend has been practicing restoring and colorizing old photos.,03-22-2019 10:08:46
335,Saw this today lol,01-28-2021 21:03:29
336,If there's a single line of footprints in the snow I like to walk on the opposite step to make it look like one person was hopping,01-24-2020 08:22:27
337,Tom Hanks crashing couples wedding photo shoot.,01-14-2018 09:47:28
338,"Went to Colorado to visit some family, discovered a happy ass tree among the Garden of the Gods.",01-04-2019 21:11:42
339,Kid gives Megatron Optimus Prime's Head on a Stick,07-06-2017 13:18:55
340,jogging,10-18-2017 11:09:16
341,Gym guy teaching blind woman how to deadlift,03-15-2018 11:53:31
342,Throwback to when my mom forgot to submit my senior baby ad for the yearbook and asked my dad to do it,07-31-2020 22:18:09
343,Not exactly how I envisioned my Shrek themed birthday cake...,08-28-2020 16:55:20
344,My friend‚Äôs birthday gift to her husband: a fantastic painting of their Derperman Pinscher,07-19-2019 10:08:16
345,PSA to all memers out there.,05-09-2018 08:31:58
346,First thought that popped into my head when I saw this,06-20-2018 16:04:07
347,I've waited my entire life to see someone actually try this,01-20-2018 05:42:39
348,I build unnecessary items so I made The Modular Water Bottle System for customizable thirst levels.,03-18-2021 14:48:31
349,Our friend got fired today,03-28-2019 18:54:10
350,Now that‚Äôs how you open a beer!,01-17-2019 12:20:08
351,Fever [OC],01-30-2021 09:56:14
352,"When mankind unites, great things can be achieved",05-30-2017 08:17:17
353,I lost it when he tried to lie down,03-12-2021 09:20:38
354,"I saw the apron while shopping, and decided to do a remake of my mother‚Äôs favorite picture for Christmas. 23 years apart.",12-27-2020 22:35:34
355,We were really excited to use a lime from our lime tree for the first time,08-23-2020 23:16:40
356,Our family has a 35+ year tradition of disguising Christmas gifts. This took over 80 hours to build.,12-24-2018 17:00:59
357,My gf left this warning for me on my pillow,12-27-2020 04:52:40
358,The trash can.,09-21-2019 15:02:05
359,Breaking News,01-30-2017 21:58:44
360,My girlfriend and I (finally) got a PlayStation 5 so naturally we did a fake maternity and newborn shoot with it.,03-11-2021 10:38:31
361,Imposter Syndrome,02-26-2021 02:47:46
362,"all that time it took to setup, almost gets ruined by the cat",01-21-2020 11:54:35
363,"When my wife's school said they had BBQ for Teacher Appreciation week, she was excited to hear to there was a vegetarian option! It was a potato with BBQ sauce",05-06-2020 18:27:45
364,Cows absolutely adore accordion music.,03-07-2018 18:17:26
365,"Meanwhile, in Springfield, Ohio...",06-07-2019 15:02:28
366,Had a kid the other day. First thing I packed was correct 'dad-ttire' for the trip home.,06-16-2020 10:51:45
367,Channel 4 news,09-08-2020 14:46:07
368,This is how Japan attacked Pearl Harbor according to flat earthers.,10-15-2020 07:21:52
369,Kindness,06-30-2020 09:44:13
370,This is why woman live longer than men,09-17-2019 03:37:56
371,My fianc√© is working on becoming a cartoonist. Thoughts?,12-21-2020 08:25:34
372,I have my 4 year old baffled. This could go on for hours.,05-25-2020 21:30:33
373,Told my wife I was sending her an erotic video.,07-23-2019 23:52:51
374,Who paid the bill !!??ü§î,07-13-2017 12:31:48
375,Not a cat.,02-10-2021 23:15:28
376,This building is like someone was making it up on the fly,10-03-2017 10:27:54
377,Muscle memory,04-17-2018 20:33:17
378,Change My Mind,02-23-2018 11:17:59
379,Who will finish first?,02-08-2019 07:30:05
380,Today on United Airline,04-12-2017 20:51:04
381,"Trying to impress my wife with new overpriced smart bulbs, forgot our security cam was recording.",12-09-2017 12:13:49
382,"An international student hospitalised in China and the nurse who couldn‚Äôt speak English, informed him about his surgery with this note.",01-28-2019 01:49:05
383,Who got into the catnip? Was it you?,08-08-2020 16:53:42
384,"I'm deathly afraid of heights... I went to the Skydeck at the Willis Tower (Sears Tower) and slowly inched my back to the edge, mustered up all composure I could and took a pic. I thought I nailed it until I saw the photo...",07-11-2018 12:39:24
385,self-worth,02-21-2021 21:29:30
386,I wish I was as happy as this guy in traffic,01-17-2017 11:27:19
387,Catch me if you can.,09-16-2020 07:01:47
388,Overcrowding in British prisons,01-05-2018 09:43:34
389,Justin explains the name behind his Nut Butter,08-02-2018 13:03:01
390,I build fake product ideas and today I made a cup holder that attaches to your shoes.,08-10-2020 13:30:59
391,Dedicating a book...,01-15-2019 20:11:22
392,10 years since Bill Gates told me that lunch was a once a day thing.,05-06-2020 06:30:27
393,The tides have turned.,07-13-2018 22:07:46
394,Currently Africa by Toto is winning for our graduation song and someone doesn't approve,05-08-2018 13:18:47
395,First date locations pros and cons,10-19-2017 12:37:15
396,Confiscated this note from one of my students.,04-16-2021 21:14:16
397,"Priest in Italy live streams mass, activates filters by mistake",03-23-2020 18:33:39
398,My mom said this was one of my favorite things to do as a child.,11-12-2017 14:14:35
399,These guys know how to have fun.,06-28-2019 21:35:46
400,Fun for the whole family.,03-02-2018 04:14:42
401,Well now I don't want to (oc),04-28-2021 09:00:42
402,"‚Äú""Shirtception"" - my favorite gift every year from my brother. We're now at level 7.",12-28-2020 19:12:50
403,Max must NOT be allowed in the library. Cross posted from r/cats,11-29-2017 11:24:47
404,"My 11 year old has started drawing fat, middle aged Batman at the beach and it's everything you never knew you needed in life",09-25-2017 12:17:52
405,Some cop in my hometown winning Halloween.,10-31-2018 13:28:30
406,Not all heroes wear capes,02-12-2018 23:08:07
407,10 days it is,06-24-2020 15:11:47
408,Dammit Luke,01-04-2018 14:09:49
409,This Thinker,12-03-2017 11:28:31
410,The State Department nailed my girlfriend's passport,08-03-2017 18:40:52
411,"Godspeed, August",07-31-2020 15:36:49
412,It‚Äôs been a stealthy three months,09-22-2017 00:55:35
413,All dads were the same,11-03-2020 07:10:54
414,Our house has 10 rooms...,11-06-2020 19:22:34
415,"We've all basically been on Zoom lately, and I've noticed there's all kinds of ""Zoom""ers out there. Which one are you?",04-23-2020 10:55:56
416,The sign at the pizza place I go to,04-02-2020 16:58:03
417,My Dad makes my step mom take pictures of him doing weird things when we have record breaking low temperatures,01-07-2018 13:17:34
418,This baby looks like he‚Äôs ready to pour you a pint at his pub.,11-23-2018 13:48:33
419,Girl Likes Me,06-21-2020 17:37:37
420,New Google Assistant,04-05-2019 16:13:43
421,What has he seen,03-30-2021 18:15:01
422,Yummy,01-24-2019 17:17:41
423,My sister thought my leg could use more holiday spirit,12-28-2020 14:47:59
424,My wife said when I pass she would go the extra mile to give me the burial I deserve...,12-06-2017 22:34:22
425,"Wife sent this after picking up our dog after surgery today. Says he's ""still under the influence.""",10-13-2017 17:45:22
426,The boss is really riding me today,12-11-2020 11:49:11
427,Cranky Uber drivers,01-01-2019 11:56:27
428,Backpack seller answers a question,11-20-2017 12:15:52
429,hold my beer while I'm teleconferencing,04-28-2020 10:39:19
430,My wife and I forgot to close the garage last night. I think it became the meeting place for a secret cat gang.,08-07-2019 15:23:08
431,Fake United signs posted at the airport (@TGLNYC on IG),12-04-2019 16:17:43
432,"My dog was extremely tired, but just HAD to follow me into the bathroom in the middle of the night.",01-04-2018 19:42:40
433,Goal: Become so rich that your hairline comes back,11-27-2017 15:47:34
434,"Hang on kids, you need to hear about all the times your ‚Äúuncles‚Äù slapped each other.",07-01-2020 16:39:33
435,My father is the Black Bob Ross,12-10-2017 21:22:58
436,This really cracked me up for some reason.,11-09-2018 16:56:09
437,Haters will say it's fake,05-05-2017 09:47:22
438,Every year my friends and I do a themed No Shave November picture.,12-01-2020 08:05:08
439,I bought my grandad a HUGE tub of his favourite chocolates and he emailed me this photo to tell me that he had finally finished them.,03-20-2019 05:53:52
440,My GF's obsession with cheesy cursive signs inspired me to make my own uninspirational signs,01-15-2018 13:29:24
441,Just finished decorating our annual scary pumpkin,10-17-2020 20:48:23
442,A Keeper At Tallinn Zoo Forgot a Broom In The Chimpanzee Enclosure - This Followed...,12-04-2020 06:07:13
443,Segway announces new stroller for adults. Where have I seen this before?,01-03-2020 09:37:52
444,Updated my wall art to be more relevant,03-27-2021 13:13:36
445,That title is not available in your region,03-02-2019 15:05:52
446,Doesn't even flinch,02-07-2020 08:41:11
447,Remodeling the kitchen and pulled the microwave off the wall. He never gave up hope.,02-10-2017 17:13:57
448,Incognito Mode,11-20-2019 12:02:03
449,Yesterday was my birthday so i threw myself a party,04-16-2018 20:47:59
450,That's how you scape from being robbed!,01-03-2019 09:04:09
451,Let's take a moment and thank all those looking for a cure,03-23-2020 04:29:09
452,The collar my mom has for her dog,11-23-2020 15:34:51
453,My little sister and her friend with their homemade movie theaters,01-16-2021 20:34:31
454,"I design unnecessary products, and today I made the Not Hot Blanket for that one hot leg while sleeping.",05-26-2020 14:19:56
455,My Worst Nightmare,05-24-2018 16:23:13
456,Asked my sister if my nephew was enjoying the wedding; this is the picture she sent back,09-29-2020 01:10:46
457,Special needs teachers put this up today.,03-26-2018 12:30:15
458,When religious solicitors see my no solicitation sign. The sense of defeat is palpable.,03-12-2019 20:43:03
459,I made this unauthorized Burger King commercial with a dark twist. Hope you like it!,10-21-2020 14:35:53
460,"Gotta Wear that facemask ""Bank Teller asked me to take it off. She Just laughed. """,04-11-2020 03:42:48
461,"UTAH has its issues, but it‚Äôs traffic signs are top notch",01-14-2020 13:48:19
462,he looks traumatized,10-17-2020 13:57:11
463,Get it together ABBY,06-22-2020 17:22:11
464,An elder passing on his wisdom,05-27-2019 11:47:32
465,Found out my kid had this on his school classroom wall all year.,05-25-2020 10:51:41
466,"Moon footage, sped up.",10-23-2018 04:49:27
467,Happy Vital Organ Day,02-14-2019 15:52:26
468,I believe I have created the perfect mask.,07-13-2020 17:42:13
469,We have officially come full circle,12-01-2019 20:51:08
470,I like to imagine this was Alex's first view in the afterlife.,11-08-2020 16:01:09
471,2017 eclipse. So majestic.,08-21-2017 21:55:33
472,My friends told me to buy red but I think white is better,01-15-2021 11:02:37
473,"In October I wrapped my brothers birthday present in concrete. For Christmas, he got revenge",12-25-2020 08:08:55
474,Baby's first taste of ice cream üç¶,01-20-2020 10:41:55
475,"As I snapped the selfie, I told Samuel L. Jackson to pose how he really felt about doing these kinds of things.",04-28-2017 16:44:44
476,"Just found out that my friend was on the front page yesterday, here's another angle of it",10-02-2018 18:31:25
477,Are you tired of being human as well?,01-24-2021 16:37:41
478,‚ÄúHoly‚Äù Shit.,01-26-2019 10:22:38
479,"Using a prank idea from Askreddit, I put vanilla pudding in a mayonnaise jar. My kids were horrified as I ate it while watching them open their Easter presents.",04-01-2018 21:12:50
480,"Forgot to reposition the camera to take a jump pic, looks like we hung ourselves",05-14-2017 12:19:21
481,Take the damn picture. I don't got all day.,11-16-2018 17:28:54
482,sue me,06-18-2020 10:31:14
483,My kid created what I thought was an angry-rage-boner-poop-fly guy...,06-01-2017 12:05:01
484,Bookstore‚Äôs Closed Sign in Seattle,09-12-2020 17:37:59
485,I photoshopped a magpie and a killer whale together,12-10-2019 11:00:47
486,Trains were down...,01-05-2019 17:40:42
487,My 13 year old sister thinks she‚Äôs hilarious,10-05-2017 03:07:27
488,Earth preloading next month's world disaster,04-29-2020 13:46:26
489,No good work goes unpunished,12-28-2020 08:54:51
490,My 15yo daughter bought this frog thingy at a thrift store and then painted him majestically.,02-01-2020 23:09:20
491,What a save!,01-15-2019 03:41:11
492,My boyfriend told me he didn‚Äôt care what shoes I wore shopping,09-24-2019 10:24:56
493,How to mess with coworkers!,12-16-2018 00:56:19
494,A two for one special,01-18-2017 11:12:45
495,"Airport workers need fun, too.",08-11-2018 10:51:25
496,Covid has forced people into bartering.,11-17-2020 16:36:14
497,The real issues:,09-12-2019 19:32:47
498,Gotta get them all confused from an early age,01-29-2020 16:45:34
499,Card not accepted,08-27-2018 14:05:12
500,Terrifying.,10-26-2020 20:53:17
501,Lil dude had to get shaved for surgery,09-15-2020 12:21:20
502,This map is all over Twitter. Apparently some German guy got bored and tried to name all 50 states. This is the end result...,02-07-2020 13:28:24
503,TSA,04-29-2018 19:31:06
504,The Meatyor,05-20-2019 10:07:03
505,What my husband sends me while I'm at work,12-18-2020 07:11:29
506,Ever wonder who makes those big ass fans at IKEA?,08-10-2020 21:24:48
507,"My cousin wanted cake and ordered one. Told the bakers to write whatever they wanted because it was for just for her anyways, so...",03-21-2020 19:59:59
508,Retail work in a global pandemic is on another level [oc],04-08-2021 04:46:01
509,A domestic breed,10-19-2019 06:36:24
510,Hmmmmmmm...,09-11-2020 10:47:57
511,The good ol‚Äô days of looney tunes,04-18-2019 02:43:06
512,t h a n k y o u,02-19-2019 18:33:37
513,A train ticket is cheaper than a dentist,02-26-2020 15:34:23
514,House Painters,09-01-2020 09:00:47
515,"Here's how 12 year old Gusto copes with fireworks and thunderstorms. He shuts himself in the bathroom and turns on the overhead fan for white noise. Here it is, finally captured on video.",07-03-2020 10:36:56
516,peppery,04-05-2021 10:48:03
517,"My mate wasn't going to his graduation due to his parent being away. So we took a budget graduation photo and stepped in as ""mum"" and ""dad""",07-25-2018 04:14:21
518,"Flight ""666"" on Friday 13th is now going straight to 'HEL'",10-13-2017 08:43:51
519,Couldn't stop laughing at the anime sc filter on my dog.,09-23-2020 03:20:58
520,You had one job!,12-16-2018 15:10:47
521,"Well, it certainly is chilly today !!",01-02-2021 15:26:56
522,Had my leg amputated and my brother shows up to the hospital dressed as a pirate,08-01-2017 19:32:23
523,Fitness goals,03-15-2021 07:47:00
524,A Good Day to Dog Hard,04-26-2017 10:01:23
525,My brother wanted to measure the trees in his yard. This is how did he did it.,04-20-2020 18:59:59
526,Making brews and making moves 6 feet apart,03-26-2020 16:24:56
527,That about sums up the Half Time show,02-02-2020 20:24:14
528,This is why I hate escalators,01-24-2019 13:37:34
529,We asked the 3 of them to take a pic of their awesome costumes and this guy jumped in...,09-17-2018 17:11:39
530,Cone of Shame,03-09-2020 18:49:47
531,Got suspended from school for 4 days after this picture was mailed to dozens of parents. It was worth it.,05-27-2020 16:10:29
532,Go big or go home,02-06-2021 09:17:08
533,Raise your daughter right,01-01-2020 14:03:55
534,It‚Äôs called quarantine coffee. It‚Äôs just like normal coffee but it has a margarita in it and also no coffee.,04-01-2020 12:20:18
535,Mystery Solved,08-26-2020 11:52:40
536,"21 years ago, this man sacrificed his life to save the world. Happy Independence Day.",07-04-2017 08:53:24
537,The Elephant in the Room,02-23-2021 11:16:54
538,My kid sleeps like he fell down in Family Guy.,07-31-2018 12:45:41
539,Jennifer Aniston‚Äôs first Instagram post has the photo quality of 1999.,10-15-2019 11:00:49
540,Strange Planet Series 2,03-12-2019 10:20:25
541,Shut up and let me love you!,02-07-2020 14:38:19
542,The legendary snow gun,01-09-2019 11:51:59
543,"This little jumping spider tried to attack my mouse pointer, so I upped the game.",02-22-2019 12:27:42
544,This is how we announced our pregnancy to our friends and family.,06-13-2020 11:36:32
545,"My sister: ""You can do the half-marathon with me! Trust me, it's not that bad."" ...",04-27-2021 11:21:47
546,Free Anti-Virus Software,11-02-2019 14:34:01
547,Canadian drug dealers trying to get their first real job,10-18-2018 10:34:14
548,One cardboard sign to rule them all.,04-05-2021 19:13:44
549,neighbor,05-13-2019 14:21:37
550,The effect of Tinder on roommate relations...,11-05-2018 13:52:54
551,How my son shovels,01-18-2018 16:38:35
552,Saw this woman getting a better view of the eclipse,08-21-2017 14:42:55
553,100% attendance,05-05-2021 09:49:22
554,Money shot right there!,09-11-2018 21:10:01
555,Woke up and discovered my wife moved our coat stand yesterday.,01-16-2021 12:29:30
556,When Countries Share Their Grandparents‚Äô War Stories,04-04-2021 08:50:13
557,How long did this interview last?,02-25-2017 08:32:48
558,Did you want a fight?,04-09-2020 06:48:22
559,In Venice the pollution has reduced so much that even Louis Vuitton bags are starting to swim again,04-27-2020 14:53:46
560,Some friends are just assholes.,05-04-2018 10:01:50
561,Explain this to a kid,09-21-2019 12:33:15
562,This sign on a vending machine at my work,07-08-2018 10:35:28
563,[OC] Smart Delivery..,03-03-2021 14:00:20
564,"And now, a look at the machine that powers Reddit's search function.",04-16-2017 18:54:20
565,It's this time of year,09-10-2020 17:11:43
566,Flight attendant joins my family in stacking random stuff on my sleeping brother,05-28-2020 21:30:31
567,Batman and Catwoman model swap,06-24-2019 14:20:59
568,"Omg, this card!",09-08-2020 07:48:21
569,I‚Äôve waited my whole life to record a moment like this,09-28-2018 16:17:03
570,Much better...,10-04-2019 14:55:04
571,Happy Canada Day!,07-01-2020 02:49:30
572,"Oh, how the tides have turned...",02-07-2018 04:41:59
573,"I work at a call center. Sometimes I like to draw what my rude callers might look like. Today I thought I‚Äôd show you all a kind caller. Here‚Äôs Ruth from today, when told how long she would have to wait for our services:",04-23-2020 17:17:10
574,Looks at my server room and nods,04-26-2021 20:35:41
575,Asked wife how the visit to the vet was going....,08-17-2018 16:14:50
576,Something about pumped up kicks?,08-09-2017 11:54:22
577,Just a weird fish,08-23-2020 16:47:16
578,Mistakes Were Made,08-15-2020 15:14:30
579,Mr. Grumpy,03-20-2020 16:47:10
580,Gus doesn‚Äôt deserve this üòî,10-11-2018 11:17:10
581,Stupid covid,06-20-2020 20:21:46
582,What?,08-12-2020 09:15:51
583,But i like what i have okay?,05-04-2021 09:33:39
584,My dog realized she can stand in the pool,08-13-2017 10:42:01
585,I AM GROOT,10-30-2020 09:48:30
586,"Lol, kids.",06-30-2018 20:44:33
587,MOVIE VILLAINS,08-07-2019 12:27:08
588,Passed by a math book example today.,08-24-2020 18:29:02
589,The Getty is challenging quarantined people to recreate their favorite paintings with household items.,04-01-2020 21:35:54
590,"My friends do a Tencious D cover band, look who crashed their show.",10-20-2019 21:02:02
591,You sick people asked me to turn Chop Suey into a bluegrass song.,03-16-2021 10:01:09
592,"Flew in a helicopter for the first time at work, the pilot‚Äôs helmet wasn‚Äôt calming",07-20-2020 14:13:22
593,"""Shirtception"" - my favorite gift every year from my brother. We're now at level 4.",12-26-2017 16:27:07
594,We don't have the budget,03-09-2021 12:49:43
595,Fan wears a Ryan Reynolds shirt to meet Hugh Jackman.,08-21-2019 18:30:51
596,Fist time ever posting but I felt I finally had something worthwhile. At my friend's birthday party last night,07-12-2020 04:48:38
597,real monsters,12-24-2019 17:26:49
598,"Oh darn, just missed it",07-29-2019 18:56:31
599,"Tried to take a panorama from our hike today, it really did my boyfriend dirty...",06-24-2020 18:54:43
600,Marilyn Manson looks like Nicholas Cage dressed up as Marilyn Manson.,10-19-2018 14:11:15
601,best student sign i've ever seen,03-11-2017 17:00:59
602,the smell of a grill,06-21-2017 11:05:01
603,My college doesn't want us to make popcorn in their shitty microwaves,02-19-2018 18:55:35
604,The truth about dad jokes,12-07-2018 07:25:45
605,return,09-12-2018 17:37:49
606,I saw the Google Earth cursor moving over Sweden yesterday.,12-11-2019 10:06:44
607,I felt like maybe my cartoon could use a little something extra this year. Happy Halloween!,10-12-2020 07:28:29
608,Who needs a fishing pole anyway.,07-17-2018 13:27:03
609,"As a mailman, I usually don‚Äôt know what‚Äôs in the package. But I‚Äôm pretty sure this is a tennis racket.",08-14-2020 20:29:47
610,"I get a Snapchat from my brother and then a text from my dad saying, ‚Äúpost that to the Internet‚Äù.",06-14-2018 21:01:17
611,"It happened. I'm a fucking Disney Princess, Reddit.",05-23-2017 16:02:15
612,when it rains.,09-30-2018 13:19:29
613,The claw!!!,05-02-2017 21:27:14
614,Offering pizza to London marathon runners,04-24-2017 08:49:22
615,Guys will understand,08-06-2017 12:17:24
616,Sunday night,06-11-2017 19:58:39
617,"I said, ""How tall are you?"" He handed me this:",02-20-2017 23:19:09
618,I drew the ONLY joke my Mom knew,04-24-2019 12:07:57
619,My kitten Charlie loves the laundry hamper. He‚Äôll meow and whine until you put upside down so he can become a kitty roomba.,11-24-2020 19:20:35
620,"In Minnesota, we like to play a game called ""am I on the road?""",01-18-2020 21:09:02
621,Clouds have feelings too,06-11-2018 06:40:40
622,the endless cycle,11-30-2020 13:37:45
623,i can do this,03-24-2020 09:44:59
624,Seemed like a 5 star man,03-23-2019 13:44:36
625,Reminder to always let Aubrey Plaza accept an award for you,10-12-2018 19:45:14
626,"After years of this guy using my email as a spam account, I got my revenge. He signed my email. Up for SiriusXM which also gives me the ability to beep his horn.",08-28-2018 23:18:28
627,"""Don't get too comfy!""",02-18-2021 14:10:23
628,My boss knows what's up,12-23-2018 12:27:16
629,Throne room.,02-27-2021 20:43:08
630,"Listen here, you big monsta",01-18-2021 11:14:41
631,Proof that Disney is running out of ideas,01-03-2019 14:22:43
632,Relief [OC],05-13-2021 11:18:02
633,My cousin is a driver for UPS and posted this today,12-22-2017 19:28:08
634,Must be Canadian.,06-04-2019 15:52:37
635,Posted on Fresno buy/trade on FB. Guy knows how to market,09-02-2020 00:48:37
636,Couldn‚Äôt do this again if I tried,02-25-2021 13:17:50
637,My sister accidentally caught this Pikes Peak proposal on camera,08-03-2019 08:34:21
638,All terrain vehicle,10-11-2017 08:17:57
639,My daughter has been picking her own clothes and watching her big brother get on the bus.,08-25-2017 21:08:51
640,How to win a prank war. My friend snuck a heinous portrait of me into a charity auction that I was attending. Sold for $200.,02-25-2018 21:17:20
641,A dad having fun cutting and eating a snowcake,10-05-2019 07:31:47
642,exercising,09-06-2020 22:29:40
643,I design unnecessary products so today I built a ceiling fan for my car.,07-28-2020 15:10:18
644,V12 lambo sound vs electric i8 sound.,06-02-2020 14:01:43
645,Little girl has her Christmas priorities straight,12-02-2017 16:29:29
646,"I design ridiculous product ideas for fun, so I designed a pair of jeans with one giant pocket across the butt for all your essentials.",01-19-2020 19:49:11
647,Cultural appreciation in Pixar films,02-27-2021 16:42:07
648,OkCupid putting it's foot down.,06-08-2017 14:35:34
649,he saw the opportunity and he took it.,02-28-2018 16:12:19
650,"Meanwhile,back in 1999",10-22-2020 11:02:40
651,"Up, up and a-way out there",07-22-2020 08:00:35
652,Let Me Out!!! It‚Äôs only Drizzling!!!,05-29-2020 21:02:55
653,The Avengers 1978 has aged really well,09-24-2019 17:10:17
654,Mermaid Bra [OC],05-08-2021 14:21:44
655,World Cup,06-27-2018 15:34:38
656,True story,11-14-2018 09:57:20
657,The code works,03-27-2018 18:38:15
658,Our niece wasn't thrilled about the first kiss.,05-16-2021 21:09:03
659,"NO such thing as bad publicity. Wally‚Äôs Pub here on the NH seacoast, brilliantly seeing to it.",11-27-2020 08:57:16
660,My girlfriend was true to her word!,11-21-2017 13:50:37
661,My 39-week pregnant wife went to the store to ‚Äúget stuff for dinner‚Äù. This is what she came home with,06-26-2020 16:03:55
662,Easy Solution,11-02-2020 15:28:52
663,My 11yo and I play games in the front yard nowadays. Every day he does something different to spice it up. This was today's choice.,04-10-2020 01:02:54
664,German Finding Out About ‚ÄúSales Tax‚Äù,04-30-2021 15:47:30
665,My sisters boyfriend accidentally let the cat out briefly. Cue scooby doo hallway chase.,12-15-2020 00:25:54
666,Chores are hard!,11-10-2016 14:39:12
667,The Price of Lumber is Too Darn High,03-19-2021 19:38:35
668,His spidey sense was tingling,10-29-2019 03:47:50
669,every single time,10-28-2019 07:34:02
670,"so after I bought this house I was informed my neighbors do it big for Christmas. I spent alot of money already buying a new tree and all the decorations for the inside, so I talked to my neighbor and we came up with the perfect solution. I promise I'm not really a grinch!!",12-01-2020 16:23:23
671,Old dog: YEET!,08-27-2019 22:16:39
672,Doggy day at work after the floors were waxed,07-23-2017 15:21:14
673,Days worth of dirty diapers for whoever keeps stealing packages off our porch,04-16-2020 11:02:01
674,"No, wait, watch how awesome I am too.",02-20-2018 00:03:06
675,I just can't with Noodle's face,09-06-2020 16:56:42
676,Overspending...,01-12-2017 15:26:20
677,I took a picture of the moment my two kids realised all the donuts at the party had been eaten while they were off playing on the swings,08-04-2019 23:28:30
678,This man is way ahead of our time,04-22-2019 13:16:28
679,This place charged me $2.25 just out of spite.,04-07-2020 11:33:51
680,Water style,08-20-2019 03:33:12
681,Please stop flipping me off...,11-04-2018 11:05:38
682,Too soon?,10-15-2017 08:28:46
683,IKEA is now selling Christmas trees. Gonna be a looooooong night,12-04-2020 17:00:47
684,I made myself a sticker,04-16-2020 15:18:59
685,dog on the house camera being a total drama queen,07-18-2019 13:59:08
686,"Someone installed these plaques on a bunch of benches, they got taken down by the city today but I think they're priceless.",10-08-2020 17:08:41
687,This amazing cosplay.,11-24-2019 08:54:50
688,he‚Äôs trying to convince him to play,04-03-2020 10:39:20
689,This gag is now a century old,03-18-2018 01:14:33
690,"Work smarter, not harder",06-04-2019 09:06:46
691,My cat has killed all my fantasies of having a cat,08-31-2019 10:28:23
692,"You ""Car needs a service"" Mechanic ""Sure, leave it with us""",06-06-2020 10:00:49
693,"""Here‚Äôs a video of my cat trying to get my dog‚Äôs tail through a glass door. it will brighten your day""",08-14-2018 12:22:01
694,Your App is Amazing!,08-05-2019 14:03:57
695,My wife took the toddler and left me with the baby yesterday morning. She‚Äôs a worrywart and I love photoshop. Lesson learned; don‚Äôt reply with just a photoshopped picture when she asks how things are going with the baby,08-05-2018 19:33:22
696,Morale is high this week..,10-18-2017 19:00:45
697,"I asked my girlfriend, who lives in Europe, to fill in a map of the USA. These are the results",11-05-2020 10:12:02
698,My brother gave me a framed photo of my most upvoted comment of all time for Secret Santa this year.,12-25-2017 14:13:54
699,Probably the best skateboard trick I've ever seen,05-18-2017 12:59:22
700,Me flying my quadline kite and getting blown away while my friends are no help..,05-26-2018 21:05:21
701,Mom trying to convince daughter that Raptor is not scary,11-26-2018 13:30:40
702,There goes my night,06-09-2020 14:42:01
703,"364 days a year, I am an amputee. But today, I am Groot.",10-31-2020 09:25:51
704,Maybe 2020 will be my year?,09-15-2019 12:17:05
705,Remodeling my Grandfather's basement and found this... he's still yelling at us from the grave.,02-24-2018 16:54:54
706,Debt cycle,03-18-2019 13:01:09
707,Store App,04-09-2021 12:22:41
708,These employees at NASA totally look like they're about to drop the most fire mixtape in the galaxy,07-02-2018 14:16:44
709,Why I use chopsticks,07-09-2019 14:16:16
710,welcome to hell,07-02-2019 12:34:34
711,The Flag of France according to the French Air Force,04-06-2021 07:55:34
712,‚ú®wish‚ú®,06-12-2017 11:39:53
713,My son picked out his own back to school shirt.,07-28-2017 16:01:33
714,Incredible Black Friday madness,11-24-2017 07:01:52
715,300 kmph in a small german town (with sound),01-22-2018 16:40:09
716,At least they're honest,09-24-2020 10:32:24
717,Google Earth is Amazing,02-09-2020 00:00:39
718,7 billion people in this world and I‚Äôm so glad he was chosen as the face of our company!,07-17-2020 10:00:16
719,Nick Offerman on being manly,09-09-2018 09:08:17
720,The Dad Tax,02-18-2018 22:51:36
721,Hits too close to home,01-22-2019 17:55:23
722,Dad... is that you??,11-18-2017 15:36:07
723,Whelp.,01-23-2019 12:43:08
724,"Years ago, my uncle was a wedding videographer. He got 2nd place on an episode of AFV with this video.",03-26-2017 13:17:12
725,How much for a rose?,02-14-2021 05:01:32
726,"Happy New Year, children!",12-31-2017 21:13:54
727,I told my sister if she graduated with honors I would wear a matching dress to her graduation. She said the thought of seeing me in a dress was her motivation when she wanted to quit. Worth it to me.,05-13-2021 21:54:51
728,pain,03-11-2019 09:54:10
729,Utah ski resort gets a 1 Star review from a guy in Los Angeles because the mountain was too difficult. They used the one star review to advertise what the mountain is best known for.,09-19-2017 22:40:00
730,Hmmmmmmm,02-02-2019 16:17:25
731,Co-worker sent me this... We work at NASA.,03-01-2020 20:25:35
732,They kinda have a point.,08-25-2020 22:12:37
733,"For Christmas, my dad received the exact outfit that he was wearing",12-25-2020 17:16:28
734,Birth of a Veterinarian,12-12-2016 11:30:15
735,There‚Äôs a gap in the cabinets because of an angled sink. Countertops get installed on Monday,03-06-2021 11:05:02
736,"A customer called asking if we were practicing social distancing with her sandwiches. I told her we are, but tbh guys I'm running out of space.",05-12-2020 10:04:20
737,This real Ron Swanson,09-16-2017 09:23:25
738,"In 1984 a German correspondent in Paris explains how to cross Place de la Concorde. ""Walk in a steady pace and never look at the drivers, then they'll think you need to stop for them.""",06-29-2020 05:31:26
739,You can tell the age of a tree from its rings,11-16-2020 19:24:17
740,Hands-free telephone set ad in 1993,10-21-2018 14:19:05
741,I commemorated my trip to a ranch in Canada with a dancing montage instead of a photo album,08-02-2019 10:05:09
742,photos I take of my boyfriend vs photos he takes of me,07-11-2019 21:51:06
743,What I see on the news while boarding my flight today...,02-21-2021 12:08:48
744,"We went to the beach to find shark teeth, so when my daughter yelled ""I found teeth!"" this was the last thing I was expecting",09-06-2019 12:56:24
745,Kids getting beaten at their own game.,04-16-2020 16:48:24
746,Friend found this in her neighborhood,10-25-2018 18:07:09
747,Dad bought mom a new mask,06-15-2020 22:22:20
748,Customer Communication,01-28-2021 10:19:43
749,[OC] Coming out,07-06-2020 15:26:20
750,These sale prices. Wait till the end.,05-06-2018 12:19:39
751,"Paul Rudd, Certified Young Person tells you to wear a mask",09-14-2020 17:37:32
752,Someone needs to find a new pooping spot.,07-22-2018 21:20:54
753,A house in my hometown is making good use of their quarantine time,03-30-2020 14:39:39
754,Always give 100%,09-19-2020 06:45:00
755,Imagine losing because of your penis,12-11-2017 14:23:39
756,Fuck it,12-04-2017 15:28:12
757,"""You seeing this shit?""",11-07-2017 14:58:19
758,"I‚Äôve never been in snow because I live in Texas, I‚Äôve waited 15 years to do this",01-10-2021 15:51:56
759,Guy at coffee shop shows off his solution to the $999 Apple stand.,06-11-2019 20:04:29
760,The Kraken,08-18-2020 10:12:52
761,Bet you never thought those 2 peg battleships were real huh?,07-11-2019 11:44:31
762,Pinky and the Brain,12-20-2019 12:36:33
763,The 5 stages of software development.,10-02-2019 14:38:46
764,An employee of mine said I needed to check the security footage for a guy humping our coolers. This is the video that keeps on giving.,10-03-2018 15:48:32
765,strange planet,02-17-2019 03:49:20
766,"For fun I build out fake product idea, so I built the Pandemic Prevention Utility Belt based on the CDC guidelines.",03-12-2020 14:03:01
767,Welcome to Calculus 101,01-28-2020 12:25:33
768,Underappreciated art,06-27-2019 16:47:57
769,Advanced slav squat,12-06-2019 05:03:31
770,Literally being held by a thread.,09-06-2020 07:05:43
771,My wife really likes it when I do house work so I sent her these pictures while she was at work hoping it would turn her on.,01-27-2018 13:31:00
772,Damn Wish!,06-13-2017 08:07:41
773,Poor pup is in over his head at his new job,06-27-2017 15:39:35
774,This pigeon jamming along to blurred lines,01-17-2019 06:56:22
775,"Attaboy, Larry",04-19-2017 15:20:55
776,"‚ÄúChild"" was all over the news after being spotted smoking at a football match......he's actually a 36yr old Turkish man.",09-11-2019 21:23:37
777,Jumping people dressed as Scooby doo characters,05-20-2020 11:47:59
778,Spotted in the wild at University of Utah,10-31-2019 13:30:42
779,Glass bottle recycling truck in my home town,01-11-2021 07:18:40
780,This hurts on a personal level,07-04-2020 01:03:54
781,Would buy. 10/10,05-09-2018 22:46:40
782,Using the dinosaur filter while celebrating birthday didn't go well,05-31-2018 01:46:07
783,Best cops ever,08-08-2019 18:36:02
784,Flight of the penguin.,06-27-2019 10:14:29
785,The Power of Friendship,03-04-2021 05:11:36
786,Can't argue with that..,06-05-2019 07:33:32
787,my favorite photo I've ever taken is of a kid tripping into $100k car,11-03-2020 22:39:18
788,Happy birthday to you!,08-05-2017 14:21:25
789,Enhance!,12-05-2018 19:22:20
790,How to stop a kangaroo fight,01-07-2018 14:51:59
791,Different societies prioritize different things. The tea aisle in a London supermarket.,03-19-2020 19:10:23
792,Can't place the building here,05-10-2017 10:39:41
793,So .... I pull up in my cool BMW ...,03-20-2019 11:16:21
794,"Moon footage, sped up",03-31-2019 15:21:30
795,Good Morning everyone!,04-06-2021 14:53:20
796,My friend‚Äôs boyfriend was not happy about his kindergarten picture. His parents still have it framed in their house 20 years later.,12-14-2017 00:22:30
797,This dog deserves an Oscar Award üòÇ,08-30-2019 13:28:38
798,My daughter asked me if I could Photoshop and old pic of her to make it look better,05-23-2019 12:43:19
799,Surprise bops,12-18-2018 13:10:15
800,"I‚Äôm a 911 Dispatcher, and it is public safety telecommunicator week. HR got us giant ‚Äú911‚Äù shaped donuts. We were all a little concerned when we opened the first box.",04-15-2021 12:36:34
801,Destroying the planet one step at a time,09-21-2019 10:18:07
802,I got a call in my hotel room saying ‚Äúyour robot is here with your delivery‚Äù üò≥üòÇ,07-14-2020 16:25:17
803,The Internet was made for this.,10-20-2017 17:03:26
804,Las Vegas...,06-28-2018 17:31:59
805,I extrapolated the rest of 2020 with video game titles,03-28-2020 13:51:06
806,Did not do the math,01-23-2020 15:10:54
807,"Oh, the sidewalk is shoveled?",11-29-2019 17:25:25
808,‚ÄúI only had one margarita‚Äù,08-07-2020 11:04:07
809,On the bottom of my coffee bag,03-05-2021 09:22:36
810,How to be a farmer,07-19-2020 13:42:32
811,the strongest guy,07-30-2019 15:17:56
812,This truck has a jellyfish launcher,01-31-2021 19:13:34
813,Who's more zen?,01-30-2021 12:17:05
814,Flat-Earther accidentally proves the earth is round in his own experiment,08-13-2019 16:15:46
815,You too,05-05-2021 20:04:55
816,I am C-3PO,04-11-2020 10:09:11
817,I wrapped my brother's present in cement...,12-22-2018 21:21:44
818,Living in an apartment,01-27-2020 13:50:18
819,Florida man,12-31-2018 17:55:22
820,Ice-skating + HD cameras =,02-13-2018 15:33:38
821,My coworker is a flat earther and it's his last day,12-03-2018 15:12:03
822,This is actually a proven method,06-18-2017 09:45:15
823,My local ice cream shop sharing TRUTH.,10-24-2020 14:33:53
824,The robot uprising will be goofier than we expected,10-12-2017 17:08:14
825,Power of makeup :),02-09-2020 09:30:20
826,I design unnecessary things so I created the Password Keyboard for only typing out your passwords.,05-04-2021 15:39:00
827,Recently had brain surgery. Sent this to my cousin and he said it belongs here.,09-23-2020 15:40:53
828,The cruelest prank.,05-24-2020 20:53:43
829,"My sister got married over the weekend, so we recreated this gem from our childhood.",09-22-2020 12:04:45
830,"Himb goomba. (He is here to bring joy, please skip this post if you want to say anything negative about his appearance)",06-05-2020 17:55:27
831,The end of my workdays in 2020,09-23-2020 22:05:15
832,If Only We All Had This Power!,01-17-2019 15:34:26
833,"All right Rowling, we get it.",03-21-2019 17:02:59
834,A book review from Snoop,07-19-2017 09:34:43
835,"Football players found out their coach used to dance for M.C. Hammer, made him do the dance at practice.",08-21-2017 08:39:41
836,"A buddy was tired of seeing Americans with Chinese tattoos, so he showed her what it looks to a Chinese person.",03-05-2019 08:21:49
837,Pigeon Standing On Water Fountain Waiting For Human to Help,01-28-2019 21:38:59
838,Creating Supplement,12-16-2019 06:40:43
839,"I design ridiculous product ideas, so I created a coffee table that is also a jigsaw puzzle.",05-15-2020 13:33:20
840,Sarah Michelle Gellar just posted this on her Instagram. Thought it was pretty funny.,05-14-2020 12:45:48
841,How to ‚ÄûSlacker Indie‚Äú in 60 seconds,05-24-2021 08:57:44
842,It says more than a thousand words,12-02-2018 11:34:26
843,For anyone who missed josh fight,04-24-2021 14:00:55
844,"In Spanish-speaking countries, the tooth fairy is a mouse (Ratoncito P√©rez). This is my dentist office.",06-28-2018 08:06:52
845,College math courses in a nutshell.,03-04-2018 08:34:44
846,My daughter‚Äôs one year old picture didn‚Äôt go quite as planned...,07-04-2019 22:20:08
847,Making a deposit,01-11-2018 11:26:06
848,My lucky day.. some guy was selling PS5's outside the grocery store for $50,11-13-2020 17:27:40
849,House Rules.,12-10-2017 15:42:02
850,Told my nine year old I‚Äôd give her $100 if she copied exactly everything I did.,04-19-2020 18:03:44
851,The oldest trick in the book.,08-22-2017 19:27:00
852,RED FLAGS,07-20-2019 12:17:24
853,"So, some guy decided to cosplay as Johnny Depp's character in a movie - ALL of them.",12-08-2019 08:25:05
854,"I don't want to brag, but my son might be a math genius...",04-13-2021 13:24:39
855,Quite possibly stole the show @ NYCC 2019 Today!,10-06-2019 21:55:01
856,Sister-in-law orders a Japanese whiskey for me every Christmas. I don‚Äôt think she read the description this time when she shipped me a $50 bottle of soy sauce.,12-26-2019 13:10:52
857,Stages of a beard,11-11-2019 11:50:43
858,Our cat is positioned just right on the oven light button,01-07-2020 21:28:04
859,I used to work at a restaurant that purchased Land O'Lakes Buttered Milk in bulk...,08-26-2018 18:32:41
860,This meteor,05-05-2018 11:29:22
861,angry,03-07-2021 22:25:27
862,Recovery level: 360¬∞,12-20-2017 08:46:56
863,"A local farm where I live had trouble with their flock all wanting to sleep in the same house, each night they have to go break them up. The other night they found their dog had joined in",06-16-2019 11:21:42
864,My son figured out this trick today!,05-13-2020 10:55:14
865,It hits the right spot,03-18-2021 17:39:50
866,Tried to take a selfie at JFK. Caught this gem before I could figure out how to reverse the cam.,09-30-2017 16:04:43
867,True sacrifice.,03-31-2020 00:38:44
868,The last thing a craft beer sees before it dies ...,10-03-2019 20:49:30
869,Scarlet v. 40 inches of snow.,12-17-2020 10:40:29
870,Free at last!,03-01-2017 14:38:51
871,The car I drew in 1st grade finally made it across the assembly line,11-20-2018 20:42:44
872,My local burger joint became Bob's Burgers for April Fools,04-01-2017 15:12:10
873,Life finds a way,04-06-2018 10:50:46
874,In The Air Tonight drum solo: Quarantine edition,04-01-2020 17:44:09
875,My security camera caught this shady character,06-01-2018 16:38:33
876,Straightest Guy In The World Right Here.,04-03-2021 03:20:50
877,I went to the Airport,10-27-2020 15:29:56
878,The force isn‚Äôt so strong with this one,05-04-2020 12:17:46
879,Perfect,08-22-2020 11:18:08
880,This mans reaction to his age is priceless,01-14-2020 16:49:27
881,My wife is smokin' hot so I picked the shower curtain.,11-28-2017 20:39:18
882,Ouch..just kidding,08-05-2020 08:01:59
883,This pilot was flying his retirement flight and wanted to look special- and he did!,12-10-2018 10:19:56
884,My brother pulled out his iPhone at thanksgiving with our Amish family.,11-22-2018 13:42:11
885,Growing old,10-23-2020 03:16:11
886,"I use cannabis oil for medicinal purposes, I accidentally dropped some to the floor and my dog licked it",09-03-2020 10:15:47
887,"""Near Misses Throughout History""",09-13-2017 20:25:08
888,This is one of my favorite scenes from How It's Made,03-10-2018 18:21:56
889,Nice Job,11-15-2018 14:18:58
890,We all know how this ends.,01-19-2018 20:46:53
891,The time Stephen met Jim Carrey RIP Stephen Hawking,03-14-2018 02:43:38
892,SNL Weekend Update: They write jokes for each other to read but don't see them until live on air,12-13-2020 05:38:28
893,"And that, kids, is how I met your mother",08-17-2019 13:10:09
894,Opened up my gaming headset to replace the cord and was greeted by this...,03-27-2018 00:17:17
895,The most creative creative Green Lantern cosplay ever,10-02-2019 08:52:00
896,Blue screen of death,10-26-2018 05:46:19
897,This manager just doesn't care anymore,11-29-2019 10:15:37
898,It's over.,06-20-2019 05:53:06
899,Best question at Comic-Con 2017,07-24-2017 11:08:20
900,I got a vasectomy today,10-19-2020 11:37:19
901,Not all sports are cancelled,03-14-2020 18:44:47
902,"I heard this kid yelling for his dad at Lowe‚Äôs, I went looking for him and.....",04-27-2018 22:13:43
903,This is what boys do in their free time,06-02-2019 17:50:36
904,Funny Shirt,10-01-2019 21:45:04
905,Happy National Coffee Day,09-29-2019 13:44:27
906,A really honest company...,10-11-2019 07:27:04
907,Canadian Russian roulette,01-05-2018 14:31:57
908,"DC condos really pretend that this is ok (5'7"" man for scale)",07-19-2020 21:15:14
909,Can't get this shampoo outta my hair,09-24-2018 15:17:50
910,"Due to the pandemic, I decided to send my mom a cutout so I could still be home for the holidays!",12-07-2020 20:13:18
911,üî• When it's 119¬∞ in Phoenix üî•,06-20-2017 19:01:58
912,It's been one year since I trolled Hugh Jackman! I didn't realise until today that the date I met Hugh was the same date I joined Reddit many years ago üòÇ thank you Reddit for the monster you created.,08-16-2020 05:56:32
913,got my gram a new apron for her 90th birthday. this is the moment she realized what was on it,03-04-2018 11:08:56
914,Difference between sexes.,11-30-2018 13:33:12
915,Driving over a pothole after the city authorities have measured it and confirmed it's within the limits.,05-28-2019 08:06:19
916,Slutty Ghost,10-30-2019 05:41:39
917,Remodeling a Bathroom,07-03-2018 23:15:39
918,"""OMG its my orange ball !""",04-12-2019 14:44:36
919,Working hard vs working smart,08-10-2020 17:39:39
920,SpaceX zero G indicator is the most Scientific equipment i have ever seen.,05-30-2020 15:37:25
921,"Parents, how's that home schoolin' going?",05-01-2020 18:45:26
922,My niece drew this at school yesterday.,04-27-2021 14:27:34
923,My friend sent me this while at the DMV. This guy got fed up with waiting so he ordered a pizza.,06-02-2017 14:13:54
924,"For fun I design fake products, behold The Infinity Saucelet, wield all of your favorite fast food sauces at once. Cover everything in sauce...whatever it takes.",05-31-2019 14:43:10
925,Brain Activity,12-01-2019 06:05:52
926,This corn maze sign,10-05-2019 16:36:12
927,Adorable Dad Reflexes,05-19-2017 06:45:49
928,The news anchor‚Äôs neck/chest is peeing,01-05-2019 08:03:23
929,Prevention is better than Cure. Or is it?,10-09-2020 02:29:06
930,It was only a matter of time,11-11-2017 01:29:29
931,Shit.,04-07-2020 03:06:15
932,Crazy sore muscles but no bath tub? Improvise. Adapt. Overcome.,02-20-2020 16:36:50
933,All or Nothing! A sign from a local business,06-28-2020 03:31:38
934,The older I get the younger this guy looks.,02-28-2020 19:48:44
935,He thought she wanted to shake :(,12-08-2017 15:33:25
936,This restaurant is only allowed to sell beer if someone buys food.,07-20-2020 10:44:13
937,Kansas City really lets tourists have a good time,05-07-2018 15:07:13
938,"terrible two, don‚Äôt judge",11-12-2018 10:32:37
939,made a movie trailer starring my dog,04-25-2020 20:17:22
940,"My friend's office has been in a post-it war with the neighbors...and yesterday, the neighbors won.",05-25-2016 11:57:32
941,The most pronounced woof I've ever heard,09-05-2020 14:57:06
942,how is your life going?,09-29-2020 10:24:06
943,Croc at weekend barbecue [OC],05-24-2020 04:49:17
944,My friend had to check her cat's collar cam footage because of what he brought home...,03-19-2021 07:16:33
945,California Explained [OC],12-21-2019 11:34:06
946,Watched Peter Pan recently and saw someone that looked a little too familiar,04-12-2020 09:15:16
947,"Finally, a mannequin that shows how the shirt will really fit.",06-05-2020 00:22:27
948,Suspicious toddler being suspicious.,10-05-2020 22:56:38
949,French and Spanish class decorated their doors,12-07-2019 23:33:45
950,"The more ads, the less motivated to see it",07-15-2019 12:05:42
951,Well Played. (x-post from r/gifs),02-03-2017 07:16:12
952,Hide and seek skill level: 1000,02-23-2017 18:50:41
953,You can never out-prank a dad,07-30-2018 16:33:02
954,The war is over.,10-17-2018 02:27:06
955,fat tony,12-23-2019 14:40:32
956,Told my dad there was a leak under the sink,03-25-2021 10:17:11
957,Left beer in cooler outside. Wife found it. Figured the reddit would like this.,01-18-2019 18:11:02
958,a French ghost,02-17-2021 18:24:56
959,Mark Ruffalo visits children's hospital in his Hulk costume.,07-14-2018 16:19:03
960,Dog in lockdown still needs exercise,02-27-2020 05:43:06
961,A wild luggage in its natural habitat,04-14-2018 08:47:25
962,This guy is living in 2050,04-01-2018 10:48:04
963,my kid during his birthday safari,09-14-2020 11:21:41
964,Too honkin' cold...,12-19-2019 12:39:45
965,A clean sweep,02-11-2018 12:47:36
966,this dog followed the google earth guy.,06-16-2017 19:17:58
967,The turn has tabled,12-14-2019 12:15:17
968,"My now wife, now mother of my children, when we first met she was over me playing MW3 so much so I bought her a T shirt for X-mas, Now every year for 10 years I have bought her my favorite game Tee every year much to her delight!",01-03-2021 21:09:11
969,Book for Kids,11-13-2018 06:50:16
970,Why I Can't Be a Math Teacher,11-13-2016 11:40:42
971,The benefits of growing older,11-12-2020 14:26:51
972,"Saw this pilot at the airport, yesterday.",11-01-2017 08:17:52
973,Getting fitted for a uniform,04-20-2018 12:34:14
974,Daily life as a repair tech.,07-01-2019 05:10:56
975,"Thanks, Google Translate",05-27-2018 05:30:13
976,Strict dad,04-10-2020 11:02:48
977,Some pranks are universal,10-28-2017 21:21:37
978,frog ride irl,09-16-2019 06:27:19
979,One cup of sand from each of the beaches I‚Äôve visited in the past three years,01-03-2019 15:45:00
980,can you make it,05-09-2021 15:32:52
981,These dudes at my wife‚Äôs work Halloween game is respectable.,10-25-2018 12:52:55
982,The exceptionally useless box,05-30-2019 04:48:52
