,title,created_utc,score,upvote_ratio
0,Times Square right now,01-30-2021 13:00:38,414520,0.98
1,UPVOTE so everyone sees we got SUPPORT,01-28-2021 08:40:34,316098,0.97
2,GME YOLO update â€” Jan 28 2021,01-28-2021 16:06:23,281437,0.97
3,GME YOLO month-end update â€” Jan 2021,01-29-2021 16:04:45,252337,0.97
4,Itâ€™s treason then,01-29-2021 18:40:59,225906,0.97
5,"CLASS ACTION AGAINST ROBINHOOD. Allowing people to only sell is the definition of market manipulation. A class action must be started, Robinhood has made plenty of money off selling info about our trades to the hedge funds to be able to pay out a little for causing people to loose money now",01-28-2021 08:49:11,222337,0.97
6,GME YOLO update â€” Feb 19 2021,02-19-2021 16:05:55,216378,0.9500000000000001
7,GME YOLO update â€” Jan 27 2021 --------------------------------------- guess i need 102 characters in title now,01-27-2021 16:15:35,211361,0.96
8,GME YOLO update â€” Feb 1 2021,02-01-2021 16:07:36,210937,0.9500000000000001
9,"Used some of my GME tendies to buy Nintendo Switches from Gamestop, then donated them to a Children's Hospital. Got featured on the local news and brought glory to WSB.",01-29-2021 21:53:40,210853,0.92
10,IT'S POWER TO THE TRADERS NOW,01-28-2021 20:35:58,209661,0.97
11,Wow super bowl commercial for us,02-07-2021 17:58:50,195974,0.88
12,Can we all take a moment and appreciate the Mods who have grinded through this and held our community together. Thank you.,01-27-2021 19:57:32,195111,0.9400000000000001
13,Thatâ€™s what I thought,01-29-2021 19:24:35,193255,0.96
14,"It runs very deep, my friends.",01-28-2021 16:47:55,186181,0.98
15,I am proud to do my part in paying forward our good fortune with a donation of 6 Nintendo Switches and games to go with them to the Childrenâ€™s Minnesota Hospital. Cant Stop. Wonâ€™t Stop. GameStop. (Still long 50 shares I WILL NOT SELL),01-30-2021 20:04:23,185856,0.93
16,Crazy mannnnnnn. We can't let this slide at all,01-28-2021 13:42:01,182308,0.96
17,Drew this for you my fellow retards ğŸ’ğŸ™ŒğŸ¼,01-31-2021 15:04:58,181476,0.89
18,Mark Cuban spent nearly 2 hours answering questions in his AMA. And then immediately called into CNBC to defend WSB!,02-02-2021 11:25:43,178635,0.93
19,AOC got our backs,01-27-2021 16:55:22,178383,0.85
20,Iâ€™m so proud of you all.,01-28-2021 16:33:21,175933,0.96
21,WE'RE IN THE ENDGAME NOW,01-29-2021 03:21:42,173754,0.9500000000000001
22,WSB right now,02-02-2021 17:32:08,170815,0.93
23,In honor of finally seeing the almighty u/deepfuckingvalue. We must now do our part in having him written in the history books as the greatest that WallStreetBets has ever seen.,01-29-2021 12:58:34,170079,0.96
24,Congress might do something for once,01-28-2021 18:18:35,167305,0.96
25,GME YOLO update â€” Mar 8 2021,03-08-2021 16:08:31,165666,0.93
26,A message to WSB from the Director of the Dian Fossey Gorilla Fund!,03-13-2021 18:14:32,162951,0.92
27,"Not sure if anyone posted this here, but yikes",01-28-2021 17:50:11,158378,0.92
28,"Hey everyone, Its Mark Cuban. Jumping on to do an AMA.... so Ask Me Anything",02-02-2021 09:35:23,157855,0.9
29,IMPORTANT!! THERE ARE NO SELLERS!!! DO NOT PANIC IF YOU SEE PRICE DROP HOLD THE LINE! UPVOTE SO PEOPLE DONâ€™T PANIC.,01-28-2021 10:50:05,157739,0.97
30,GME YOLO update â€” Feb 2 2021,02-02-2021 16:11:48,155295,0.9400000000000001
31,Doing my part,01-28-2021 16:10:30,154213,0.96
32,Our favourite analyst. ğŸš€ğŸš€ğŸ™ŒğŸ’ğŸŒ•,01-30-2021 14:46:11,153772,0.9400000000000001
33,Forever never dies ğŸ¥°,01-30-2021 21:36:00,151819,0.9
34,In case you needed proof that there are imposters among us. A bot posting the same negative sentiment comment multiple times per minute ğŸŒˆğŸ»,02-01-2021 17:00:53,151648,0.93
35,Fake news ğŸ¤£,02-01-2021 12:26:40,147968,0.92
36,Mic drop,01-28-2021 17:12:04,147950,0.97
37,GME YOLO update â€” Apr 16 2021 â€” final update,04-16-2021 16:20:13,147046,0.93
38,"WSB PIONEER. FEARLESS BAG HOLDER. BETTER THAN DIAMOND HANDS. RICHER THAN YOUR WIFEâ€™S BOYFRIENDâ€™S UNCLE. YES, THIS IS NONE OTHER THAN DEEPFUCKINGVALUE HIMSELF.",01-29-2021 11:10:59,146195,0.9400000000000001
39,"WSB, WHAT IS YOUR STRATEGY? ğŸ’âœ‹ğŸš€",01-29-2021 07:04:34,145676,0.96
40,GME YOLO month-end update â€” Feb 2021,02-26-2021 16:07:18,145426,0.93
41,"Today, Interactive Brokers CEO admits that without the buying restrictions, $GME would have gone up in to the thousands",02-17-2021 20:37:20,144439,0.92
42,We are all the way up,01-28-2021 19:10:53,143714,0.97
43,If I can hold at -$10MM then you can hold too. ğŸ’ğŸ™Œ,01-28-2021 11:11:24,143639,0.96
44,"An Open Letter to Melvin Capital, CNBC, Boomers, and WSB",01-28-2021 00:06:14,143522,0.93
45,GME YOLO update â€” Feb 3 2021 â€“ heads up gonna back off the daily updates for now,02-03-2021 16:18:25,142915,0.9400000000000001
46,GameStop gear going to the new home at the Childrenâ€™s hospital of Atlanta Monday. POWER TO THE PLAYERS !,03-28-2021 08:34:40,141113,0.89
47,Robinhood will not let new options or shares be bought apparently. This is market manipulation lol,01-28-2021 08:07:54,139582,0.9400000000000001
48,Like this post if you are holding!!ğŸ’ The real squeeze is yet to happenğŸš€,01-28-2021 11:30:30,139147,0.97
49,"I don't need Fox Business to hold me accountable, but I'll take it!",02-25-2021 15:59:06,139133,0.9400000000000001
50,PREACH,01-27-2021 13:29:26,137656,0.9500000000000001
51,GME YOLO update â€” Jan 26 2021,01-26-2021 16:08:03,135861,0.93
52,First of many lawsuits I hope ğŸ¤ğŸ» out of this bullshit!!!! #DownWithTheHOOD,01-28-2021 12:39:53,134245,0.96
53,Billboard! Went full retard!ğŸš€ğŸš€ North of Dallas along super busy I-35,02-02-2021 19:30:51,132244,0.89
54,"Billboard in Oklahoma City, OK! If someone can rent out a billboard for GME you can hold your shares!!! ğŸ’ ğŸ–!!!! (Left watermark for credit)",01-30-2021 04:03:15,132207,0.9500000000000001
55,Charles Payne gets it!,01-28-2021 11:07:39,130009,0.98
56,"u/DeepFuckingValue is being asked to testify in the upcoming GameStop hearing. ""Diamond hands and tendies gonna enter the Congressional Record""",02-03-2021 18:43:48,129406,0.93
57,Honor to Diamond Hands.,01-29-2021 14:20:06,128854,0.96
58,"Cool, but why would they bother telling us?",01-30-2021 17:43:28,128261,0.93
59,"Listen, itâ€™s easy",02-05-2021 21:18:11,127569,0.89
60,CNN BACK. OFF. This is a LIE. Literally a 5 second scroll of our board would inform this to be untrue. EDUCATE yourselves!!!!!,02-01-2021 10:57:51,127181,0.9
61,Welcome to the Endgame.,01-30-2021 09:38:11,126157,0.93
62,Do you think he realized it YES OR NO,02-19-2021 08:55:48,125385,0.93
63,GME YOLO update â€” Mar 23 2021,03-23-2021 17:30:31,124884,0.9
64,You know something is about to go down when most members of Congress are United over Wall Street trying to fuck us.,01-28-2021 15:20:57,123449,0.97
65,"$265,000 raised so far for Dian Fossey Gorilla Fund â¤ï¸#GMEToTheMoon #ApesStrongTogether ğŸŒğŸ¦ğŸš€ğŸŒ•",03-15-2021 13:13:37,123104,0.89
66,"Ladies and gentlemen, The Roaring Kitty.",02-18-2021 12:01:02,122921,0.93
67,"DFVâ€™s smile, heâ€™s watching all us apes support him.",02-18-2021 16:50:14,121837,0.91
68,Where do we go from here and who is going to step up to help us?,01-27-2021 19:36:02,120710,0.92
69,Oops,01-28-2021 10:06:40,120442,0.97
70,I'm a brown woman in WSB! What the heck is this article talking about?! ğŸ˜‚,03-07-2021 08:15:40,119990,0.77
71,DFV,01-29-2021 08:29:38,119484,0.9500000000000001
72,Just bought $1MM worth of $GME. My profits from years of trading. Letâ€™s stick it to the HFs! ğŸ¦ strong together. ğŸ’ ğŸ™Œ,02-01-2021 11:17:28,116800,0.92
73,To the person that's the laughing stonk of their family.,02-07-2021 13:01:40,116633,0.88
74,Pirates of the Wall-Streetibbean,02-05-2021 15:46:35,116340,0.91
75,"BREAKING: SEC reviewing recent trading volatility amid GameStop frenzy, vows to protect â€˜retail investorsâ€™",01-29-2021 09:28:52,115249,0.9400000000000001
76,ğŸ’ğŸ™Œ Here is our DeepFuckingValue in WSB style - art by crossdogz ğŸš€ğŸš€,01-31-2021 09:36:07,115153,0.91
77,"Huge shoutout to Kevin O'Leary: ""Definition of the market is speculation. If you are short you know run a new risk that these effective social media vigilantes are going to come after you and squeeze you and its good because it will make a lot of hedge funds think for a second time before shorting.""",01-29-2021 19:37:56,114980,0.96
78,Adopted a Gorilla.,03-12-2021 20:23:03,113883,0.93
79,"Good Morning to Everyone Except Robinhood, courtesy of @KasparCMS on Twitter",01-30-2021 13:07:36,113644,0.98
80,"Donâ€™t listen to them, this is them trying to take focus away from GME",02-01-2021 05:34:07,112365,0.87
81,RASHIDA IS WITH US,01-28-2021 10:08:02,112302,0.93
82,"THIS GUY IS FLYING A BANNER SAYING ""SUCK MY NUTS ROBINHOOD""",01-30-2021 13:08:16,111709,0.97
83,The Hero we need right now : FUCK ROBINHOOD!,01-28-2021 08:37:00,111613,0.9500000000000001
84,DO NOT SELL! Robinhood has blocked the buying of more shares. If you try to sell you will get fucked because who are you going to sell it to if nobody can buy it? They are trying to make you flood the market with sales offers and bring the price down. Dont fall for it!,01-28-2021 08:38:34,110141,0.97
85,"Inspired by many others, I hit a few GameStopâ€™s and got some Switchâ€™s, games, etc to donate to my local Childrenâ€™s Hospital. Thanks WSB, we like the stock!",03-27-2021 13:38:56,109400,0.86
86,My 102 year old grandmother bought GME in August 1995 and held through all this time.,02-02-2021 08:29:24,109146,0.9400000000000001
87,"Give them nothing, but take from them everything",01-28-2021 15:49:55,108247,0.9500000000000001
88,"You heard him, HOLD! We can take $11.2 BILLION more away from them. Keep those diamond hands and let's send this thing to Alpha Centauri ğŸš€ğŸš€ğŸš€",01-29-2021 13:16:36,107809,0.96
89,"Welcome, new money",02-15-2021 12:00:47,107801,0.9
90,DIAMOND HANDS VS THE WORLD ğŸ’ğŸ¤ğŸ’ğŸ’SEE YALL ON THE MOON ğŸš€ğŸš€ğŸš€ğŸš€ğŸš€ğŸš€ğŸš€,02-01-2021 22:46:05,107632,0.9400000000000001
91,I asked my cat if I should buy or sell GME,02-27-2021 23:05:33,107606,0.86
92,Justin Sun (Asian billionaire) has our back and is joining in.,01-29-2021 06:13:21,107360,0.9
93,Finished my DIY project just in time for GME to ğŸš€ğŸš€ğŸš€ğŸš€ (percentages simulated to show movement in the video),02-08-2021 15:16:45,107066,0.89
94,He said it!,02-18-2021 12:54:19,106611,0.93
95,"ROUND 2! We've refuelled, and now we're going to pluto ğŸš€ğŸ™",02-24-2021 16:53:12,106200,0.9
96,CNBC now running Ads promoting that Melvin Capital closed their short positions on $GME,01-29-2021 16:40:43,106159,0.9500000000000001
97,Never forget. Last year when this guy soldout the subreddit for personal gain now trying to take credit for your movement for the same reason. #cloutchaser,01-30-2021 11:50:00,104982,0.92
98,"Mark Cuban said ""once the brokerage stops restricting trades, then we'll see what WSB is really made of"". Well, guess what? Robinhood has removed all restrictions.",02-04-2021 22:32:31,104968,0.88
99,Some dickhead on CNN said the government should ban people for talking about the stock market on the internet. This ainâ€™t China bro,01-27-2021 15:46:54,103569,0.97
100,GME Today...,03-10-2021 15:42:16,103471,0.91
101,DEEPFUCKINGVALUE just TWEETED! HOLD THE FUCKING LINE!!!!,02-03-2021 12:06:10,102539,0.88
102,Today wasnâ€™t a bloodbath for $GME or $AMC. WE watched LITERAL insanity as Hedgies sat and traded their trash BACK and forth to each other in order to cause YOU to panic. HOLD. BUY.,02-01-2021 20:05:33,101987,0.92
103,OUR SAVIOR KEEPS MAKING THE NEWS! DFV INSPIRES US ALL CUZ WE JUST LIKE THE STOCK! ğŸš€ğŸ™ŒğŸ¼ğŸˆ,03-09-2021 11:28:16,101319,0.88
104,Who of my 300 brethren's are still in ?,02-03-2021 03:54:46,101154,0.9
105,"When I see the media saying we use ""an offensive term for people with developmental disorders...""",02-19-2021 08:09:37,100912,0.79
106,APES IN CONTROL,02-02-2021 13:01:05,99928,0.92
107,"JOSH SHAPIRO, Attorney General of Pennsylvania, is showing his support on Twitter!!!! ğŸš€ğŸš€",01-28-2021 17:34:47,99745,0.97
108,Doing my part! Just bought a billboard to run all next week on I-35 between Austin and Dallas!,01-30-2021 07:44:20,99354,0.93
109,"When a CNBC anchor asks, ""Is the Reddit Army going to short oil next?""",02-15-2021 09:28:57,99106,0.9
110,Billionaire Investor Mark Cuban Says Reddit Stock Traders Have â€˜Every Right To Kick Wall Streetâ€™s Assâ€™ - All Hail Wise Cuban Man!,02-01-2021 14:03:19,98432,0.93
111,This is what holding the line looks like! Look at that volume. Diamond-Hands keep it up!,02-01-2021 13:21:11,98407,0.9500000000000001
112,Tried to quickly buy 50k worth of GME before close but fat fingered and ended up buying â€œGMEDâ€,02-25-2021 16:04:25,98314,0.9
113,They act like silver is so fetch,02-01-2021 08:56:30,98218,0.89
114,GME YOLO month-end update â€” Mar 2021,03-31-2021 16:10:33,97308,0.9
115,CNBC Gives Billionaires A Pass But Calls For Regulation When The Little Guy Makes Money,01-27-2021 11:58:44,97143,0.96
116,Apparently itâ€™s only ok when the 1% do it.,01-28-2021 16:39:30,95806,0.97
117,GME YOLO update â€” Mar 24 2021,03-24-2021 17:30:14,95790,0.91
118,"HOORAY FOR CHARLES PAYNE! â€œThe shorts have had their way with the market for decades, and no one has ever complained about it, so i am thrilled, that individual investors are playing the same game, and now you (big hedge funds) are losingâ€ - Charles Payne.",01-28-2021 01:08:22,95602,0.96
119,WSB'S REVENGE - CALLING ALL ğŸ¦ğŸ¦ğŸ¦ TO KEEP YOUR ğŸŒğŸŒğŸŒ AWAY FROM THE ğŸğŸğŸ,01-27-2021 22:32:49,95552,0.9400000000000001
120,"Hang in there! To the moon? No, to the MOONSK and BEYOND!",02-20-2021 05:52:18,94666,0.85
121,"Congratulations, /r/wallstreetbets! You are Subreddit of the Day!",01-29-2021 08:47:54,94553,0.9500000000000001
122,"EUROPE BROS LISTEN UP: Today Is The Day. It's A Zero Sum Game Between Us and Melvin. You came out for us yesterday and we need you again today. Here is where you can buy GME. Good Luck, and POWER TO THE PLAYERS ğŸš€ğŸ’ğŸ¤² ğŸš€",01-28-2021 18:58:22,94336,0.96
123,This is us 2030,01-27-2021 16:48:52,93471,0.97
124,Me right now,02-10-2021 03:16:24,93271,0.9
125,This is just market manipulation,01-28-2021 13:32:15,92955,0.98
126,"CITADEL IS THE 5TH LARGEST OWNER OF SLV, IT'S IMPERATIVE WE DO NOT ""SQUEEZE"" IT. THESE ARE HEDGE FUNDS BOTS SPAMMING AWARDS",01-31-2021 12:20:18,92855,0.84
127,GME YOLO update â€” Jan 22 2021,01-22-2021 16:14:08,92766,0.9400000000000001
128,Together no one can stop us !!!,02-02-2021 21:14:54,92157,0.88
129,Bloomberg even knows: Stonks (they only go up),02-18-2021 10:57:23,91463,0.9500000000000001
130,"Ethan Klein (h3h3 podcast) joins the battle, this is really some Avengers level stuff",01-29-2021 04:51:16,91453,0.9
131,Spread the word! ğŸ’ğŸ¤²,01-31-2021 22:14:44,90679,0.9400000000000001
132,This money is life changing to me. I could have sold at any time and been set but these hedge funds deserve to burn. Iâ€™m holding if you all are.,01-29-2021 14:28:26,90417,0.96
133,Putting my ad blocker to good use ğŸ’ğŸ¤²,03-17-2021 12:30:35,90301,0.91
134,Iâ€™m a paper handed bitch. But my student loans are fully paid off now,02-06-2021 23:21:53,89698,0.74
135,Hard hitting investigative journalism & pultizer prize winning stuff right here,03-04-2021 05:55:01,89361,0.9400000000000001
136,Lets goooo!!!,02-03-2021 10:27:58,89196,0.88
137,Recovery Incoming!,02-21-2021 07:51:38,89109,0.86
138,"If this isn't a sign, I don't know what is...ğŸš€ğŸš€ğŸš€ğŸ’ğŸ’ğŸ’ğŸ’ğŸ’ğŸ¤²ğŸ¤²",02-02-2021 18:33:03,88819,0.93
139,Tis a fine day to like the stock,01-28-2021 19:36:51,88176,0.98
140,If this isnâ€™t a sign from God himself,02-19-2021 19:15:38,87748,0.91
141,Eating a ghost pepper because I'm an ape of my word,03-12-2021 12:29:55,87479,0.86
142,First AOC and now Ben Shapiro? This is true unity.,01-28-2021 10:26:38,86982,0.96
143,"Can you say ""CLASS ACTION LAWSUIT"". Fuck you RobinHood",01-28-2021 08:16:43,86714,0.97
144,Why am I still holding? I'm an Apeman.,04-24-2021 02:27:56,86687,0.85
145,Donâ€™t be scared by the drop in $BB $GME etc. Hedge Funds trade after hours to scare yâ€™all off... KEEP BUYING AND HOLDING ğŸš€ğŸš€,01-28-2021 04:40:08,86478,0.9400000000000001
146,Looking at my accounts in the morning,03-05-2021 16:29:42,86372,0.9400000000000001
147,I suspect the hedgies are illegally covering their short positions,02-01-2021 22:03:05,86361,0.93
148,Porn addict hasnâ€™t masturbated in 54 days and $GME is breaking his will,02-02-2021 11:43:13,86312,0.93
149,Vlad got impaled,01-28-2021 19:26:19,86299,0.97
150,"Whistleblowers are coming out, itâ€™s happening man.",01-28-2021 15:25:59,86203,0.97
151,LET THE PEOPLE TRADE!,01-28-2021 12:43:23,86103,0.96
152,Retard and his cat resting before they bankrupt some HFs,03-25-2021 17:16:47,86082,0.8300000000000001
153,There is no silver short squeeze happening. NONE. NEVER.,02-01-2021 07:08:11,85950,0.9
154,Whats it's like checking in on WSB this weekend,03-14-2021 15:26:43,85935,0.91
155,GME Overnight Pajama Party Megathread,01-28-2021 23:05:42,85474,0.9400000000000001
156,Collage of billboards purchased by you beautiful apes.,02-03-2021 12:55:04,85434,0.93
157,Robinhood staff unhappy about the trading hault were paid off... With a $40 Doordash credit lmfao.,01-29-2021 12:17:25,85406,0.97
158,WE are Preparing a Class Action LAWSUIT against Robinhood!,01-28-2021 09:57:45,85390,0.98
159,CNBC is really not holding back I see,02-18-2021 22:29:32,84931,0.9
160,THE ECONOMY EXPLAINED,02-26-2021 07:04:48,84473,0.88
161,"GME up 37% ""I'm not sure I can take it again""",02-24-2021 15:34:59,84139,0.92
162,Citadel reloaded their shorts before they told Robinhood to stop trading $GME,01-28-2021 13:10:36,83991,0.97
163,They are selling millions of shares from ETFs thatâ€™s why itâ€™s dipping,02-25-2021 09:58:44,83876,0.9
164,I converted the price of GME to sound and could not believe my ears,02-26-2021 04:26:33,83776,0.84
165,Lose enough money with Fidelity and they'll send you a letter perfect for framing,03-04-2021 01:05:26,83644,0.9400000000000001
166,GME YOLO update â€” Jan 25 2021,01-25-2021 16:05:36,83569,0.9400000000000001
167,Honorary WSB Autist award goes to Chamath Palihapitiya! He is out here defending us retail investors and calling out hedge funds for their manipulation and bullshit practices that have left retail holding the bag for YEARS. GME goingğŸš€ğŸš€ğŸš€ğŸš€ğŸš€ğŸš€,01-27-2021 12:23:12,82972,0.96
168,Everyone on WSB when they see u/DeepFuckingValue during the hearing.,02-18-2021 14:17:44,82918,0.92
169,It seems like you already know where,02-28-2021 23:15:23,82279,0.92
170,Goodbye.,02-10-2021 23:59:24,82069,0.88
171,"Ladies and Gentlemen, WE GOT THEM",01-28-2021 20:29:26,82050,0.9400000000000001
172,Big boys are rooting for us. This is far from over so FUCKING HOLD,01-28-2021 09:45:09,81732,0.98
173,Vlad on his way to commit market manipulation after seeing the GME price,02-25-2021 11:31:33,81626,0.93
174,AM I CLEAR NOW? WE HOLD ğŸ’ğŸ™ŒğŸš€,01-31-2021 21:51:01,81415,0.87
175,DIAMONDHANDS LETS GO,02-07-2021 20:43:44,81191,0.8200000000000001
176,Jon Stewart just joined twitter and he likes the stock!,01-28-2021 17:01:38,81091,0.97
177,We are currently on this step of the process. HOLDğŸ’ğŸ¤—,02-02-2021 09:49:38,81068,0.96
178,ğŸ’ ğŸ¦ğŸš€,03-21-2021 17:31:06,80671,0.91
179,"Elon has transcended time, space, and county regulations",05-11-2020 16:41:17,80587,0.9
180,I feel like clarification is needed about Today,02-01-2021 19:17:47,80043,0.93
181,I find myself in a position to pay for a service that I hope I never need to use - $5000 Donation to Children's Hospital,01-30-2021 12:58:21,79820,0.97
182,DFV(u/DeepFuckingValue) Just Got A Shoutout From Our Favorite Analyst,01-27-2021 12:47:53,79574,0.98
183,Consulting with my advisor for Monday's picks.,03-06-2021 09:24:57,79473,0.93
184,i did something retarded,04-12-2021 12:30:16,79374,0.71
185,Tbh I only trust retards.,04-17-2021 13:41:10,79124,0.84
186,I KNEW MY SIMULATIONS WERE CORRECT!!!,02-25-2021 00:14:46,78906,0.92
187,u/DeepFuckingValue has a Wikipedia page now,02-20-2021 03:49:08,78836,0.9
188,"Me, flying first class for the first time:",03-08-2021 20:20:34,78606,0.93
189,"CNBC & other media, here's a lesson on WSB lingo for you",02-26-2021 19:42:55,78367,0.89
190,Melvin & Friends,01-30-2021 23:42:43,78219,0.9400000000000001
191,Cheers everyone!,04-16-2021 20:05:25,78018,0.9
192,GME YOLO update â€” Apr 1 2021,04-01-2021 21:00:27,77925,0.93
193,Wallstreetbets I fucking love you,02-12-2021 18:47:45,77835,0.7000000000000001
194,AOC Turning into Dave Portnoy ğŸš€,01-28-2021 14:10:24,77669,0.88
195,These tactics are as see through as my hands,02-01-2021 11:37:19,77586,0.96
196,Guess who owns tonnes of $SLV options? Fuck Citadel. This shit is co-ordinated,02-01-2021 07:25:17,77543,0.9
197,"Look ma, Iâ€™m famous! WSJ called me out for no reason in an article defending Robinhood. I donâ€™t even margin trade! ğŸ˜‚ Boomer Wall St is scared and clueless ğŸ¤¡",02-01-2021 16:17:21,77532,0.96
198,"Tomorrow, live from the capitol, 2/18/21 12PM ET",02-17-2021 07:17:28,77348,0.89
199,Why the fuck are we acting like we lost? We made GME go from 4 to 400 and it took combined trading platforms to silence and cheat to bring it to 90.,02-02-2021 17:34:12,77183,0.8200000000000001
200,We like the stock,04-14-2021 11:30:30,77131,0.87
201,Bought a car with $GME tendies-had to say thanks,02-22-2021 19:46:41,77095,0.81
202,My portfolio this week,03-10-2021 18:36:30,77012,0.9400000000000001
203,Itâ€™s a sign,03-10-2021 06:10:34,76990,0.89
204,HEY SEC - Here's your market manipulation. RH working to keep GME down.,01-29-2021 14:26:57,76847,0.98
205,Food bank donation with GME gains. Shelves fully stocked with tendies.,02-20-2021 11:53:13,76671,0.9
206,They Underestimated How Retarded We Are...,01-28-2021 23:42:47,76450,0.96
207,Hold!,01-30-2021 07:44:00,75909,0.96
208,MARC CUBAN SUPPORTS WSB! ğŸš€ğŸš€ğŸš€,01-28-2021 08:06:49,75345,0.98
209,STOP BUYING SLV YOU SMOOTH BRAINED RETARDS ITS TECHNICALLY INVERSING GME. *I LOST MY CRAYONS SO I HAD TO USE REAL CHARTS*,02-01-2021 09:46:00,75336,0.9
210,"I just bought $5,000 in $GME. I would not have done this if the brokerages didn't try to manipulate the market.",01-28-2021 15:52:00,75285,0.98
211,Donâ€™t know what mod gave this quote to Bloomberg... but I can get behind this message. Well done!,01-29-2021 15:15:05,75149,0.98
212,How to Buy GME Above Broker Limits,01-29-2021 15:17:25,75128,0.9400000000000001
213,"""Give my regards to your puppet master!"" ğŸ™",02-23-2021 14:50:42,74817,0.8200000000000001
214,"Itâ€™s time for a government bailout of GME shareholders at $10,000 per share. This would be roughly equivalent to the $700 billion bank bailout in 08 that was necessary to prevent â€˜systemic riskâ€™.",01-29-2021 08:47:56,74662,0.92
215,Tweet from Mark Cuban - ... And we all have to respect people who choose to sell because they need to. Bills dont care what the market does. Get right and come back later - Words of wisdom indeed,02-03-2021 22:29:19,74563,0.86
216,Racing to sell my stocks that I see featured on WSB and CNBC,02-12-2021 09:18:51,73695,0.89
217,Bought some nintendo switches from gamestop and donated them to the local children's hospital. GME to the moon!,03-24-2021 15:25:02,73590,0.87
218,Why is no one talking about Mark Cubanâ€™s tweets? (Link to thread that explains more in comments) WE LIKE THE STOCK ğŸš€ğŸ’ğŸ™ŒğŸ»,01-29-2021 21:46:45,73339,0.9500000000000001
219,The Silver Squeeze is a hedge-fund coordinated attack so they can keep fighting the $GME fight,01-31-2021 20:53:09,73263,0.84
220,CNBC guest says that r/wallstreetbets community is doing better financial analysis than Hedge Funds,03-12-2021 15:08:37,73171,0.92
221,I love you guys ğŸ˜˜,01-23-2021 06:30:41,73146,0.91
222,That's the whole story apes,01-29-2021 12:38:52,72904,0.96
223,"America, Meet GameStop: WE'RE NOT FUCKING LEAVING ğŸ’ğŸ™ŒğŸ’ FOR LIFE",02-25-2021 13:10:21,71998,0.92
224,ğŸ’ğŸ™ŒğŸ» You heard the Wolf!,02-01-2021 16:53:30,71918,0.75
225,ONE OF US - ONE OF US,01-28-2021 09:47:32,71806,0.97
226,The Legend of $GME,02-08-2021 17:19:52,71692,0.92
227,Which one of you glorious bastards did this?,01-28-2021 09:05:25,71482,0.97
228,Who stopped the losses for the millions who lost their jobs and homes during the 2007 GFC or 2020 Covid-19 pandemic? You don't get to just shut off the market just because you are on the wrong side of a trade.,01-28-2021 16:13:49,71448,0.99
229,"Donâ€™t stop holding, men! ğŸ®ğŸ›‘ğŸš€ğŸŒ‘",01-28-2021 16:35:47,71419,0.98
230,"$GME & $AMC Line comparation, from the last 5 Days...",02-05-2021 13:29:19,71364,0.9
231,"Hey, Bloomberg, how about you go fuck yourselves.",02-21-2021 08:31:12,71275,0.9
232,$GME after the hedgies dropped it to 198,03-10-2021 13:21:19,71024,0.91
233,$GME Gang Awarding Their Own Posts,01-29-2021 21:20:16,70730,0.97
234,#LONG LIVE THE MEME ğŸš€ğŸš€ğŸš€,01-07-2021 15:02:06,70551,0.93
235,"I recruited an astronaut to help get us to the moon. Heâ€™s also an actor, scientist, doctor, and lawyer, and seriously knows his stuff! He loves the movies and we love the stock! Long live AMC!",02-26-2021 07:57:37,70056,0.87
236,Shoutout to anyone and everyone putting it all on the line for a stock youâ€™ve barely researched:,03-11-2021 10:49:38,69913,0.91
237,How the SEC treats Hedge Funds vs Retail investors,02-16-2021 13:32:21,69826,0.91
238,"BREAKING: CNBC Officially Gives Up, Stocks Enter Kangaroo Market",06-12-2020 18:00:23,69835,0.96
239,Just liquidated $188K worth of stonks AKA FRESH POWDER for the battle tomorrow ğŸš€ğŸš€ğŸš€ğŸš€,01-28-2021 23:41:02,69712,0.96
240,I programmed my LEDs to change colours depending on GME going up/down,03-08-2021 12:09:18,69705,0.9
241,Power to the players,02-24-2021 17:58:32,69450,0.9500000000000001
242,Adopted Gorillas,03-13-2021 11:14:55,69298,0.93
243,Down $59K. STILL HOLDING. Who else is still ğŸ’ğŸ–?,02-03-2021 07:42:44,69230,0.91
244,People in this sub need to understand that you only invest with the money you can afford to lose. Getting loans for buying stocks or putting your life's savings into this is not a great choice.,02-04-2021 15:29:00,69206,0.89
245,Regulatory agencies overseeing short selling activities of big hedge funds,01-31-2021 15:07:33,68949,0.97
246,Imagine being in a casino...,01-30-2021 00:16:23,68912,0.96
247,Robbing the Hood,01-30-2021 17:06:52,68780,0.97
248,Finally A News Article Has the Right Info,02-01-2021 15:04:47,68774,0.96
249,"digital billboard in johnson city, TN. retards are EVERYWHERE",02-01-2021 13:58:08,68706,0.97
250,"RH now limiting to 2 shares max of GME. This is the same shit as yesterday, just disguised.",01-29-2021 13:06:14,68614,0.97
251,30 Seconds From Triggering Market Nuclear Bomb,01-28-2021 17:59:39,68546,0.97
252,Weed gang ğŸŒ³ğŸŒ³ğŸŒ³,02-10-2021 09:44:56,68530,0.81
253,ROBINHOOD WILL HAVE TO BREAK INTO MY WIFEâ€™S BOYFRIENDâ€™S HOUSE IF THEY WANT TO FORCE ME TO SELL MY GME,01-30-2021 17:44:06,68445,0.97
254,ğŸš€D I A M O N D ğŸ’ H A N D S ğŸ‘,01-29-2021 13:53:15,68285,0.97
255,Is it Monday Yet,02-28-2021 08:38:15,68104,0.87
256,I spent more time on this than I like to admit,02-27-2021 11:13:39,67908,0.89
257,Only 47% left to go !!,01-31-2021 09:35:33,67873,0.97
258,My Awesome WSB Birthday Cake - HOLD ğŸ¤²ğŸ’ğŸ¤²,02-14-2021 08:11:58,67814,0.79
259,Hear me out. Why Iâ€™m selling all my shares first thing Monday morning,01-30-2021 10:55:58,67752,0.85
260,HERE COMES THE MONEY,02-25-2021 05:56:02,67597,0.9400000000000001
261,So much for college ğŸ¤£,01-26-2021 20:04:11,67482,0.93
262,Some need reminding,03-26-2021 12:46:10,67378,0.89
263,Walking into the stock market today,02-23-2021 09:41:58,67311,0.93
264,YOU NEVER SEE THEM IN THE SAME ROOM,01-30-2021 18:49:27,67226,0.9400000000000001
265,"A dark part WallStreetBets history, and why it's important for you to know and remember",01-28-2021 17:32:58,67228,0.9500000000000001
266,How to get oil back up,04-20-2020 21:18:21,67099,0.97
267,100% Accurate,08-06-2020 05:53:52,67048,0.97
268,RH eases restrictions again in AMC and GME,02-03-2021 21:26:48,66961,0.92
269,I bought 1 share of BlockbusterğŸŒš,04-24-2021 20:14:45,66812,0.9
270,CNBC thinks loss porn isn't a thing!,01-29-2021 21:13:43,66677,0.97
271,Live footage of me and the guys buying the dips these days ğŸ¥´,03-04-2021 20:28:58,66551,0.92
272,"Iâ€™m pleased to announce my weekly GME gains of $69,694.20. Very bullish for Monday with these good luck numbers!",01-31-2021 23:40:14,66395,0.9400000000000001
273,We did it boys - we saved the movie theater industry from COVID so we can enjoy premieres together when it ends! ğŸš€ Has anyone else also missed the theater experience?,01-29-2021 14:23:42,65832,0.97
274,"6M in GameStop GME. Following through. Canâ€™t stop, wonâ€™t stop, lift off",01-26-2021 17:37:09,65777,0.91
275,I guess they didnâ€™t like my â€œprinter goes brrrrrâ€ posts every day.,06-12-2020 08:05:08,65651,0.9500000000000001
276,Lots of Ass Tattoos coming soon!,02-25-2021 10:10:53,65069,0.96
277,Oh my god I'm going to fucking pass out.,02-24-2021 15:58:21,64962,0.93
278,Congressman Calls Robinhood CEOs Bluff and Calls Help Line During Hearing. He Gets sent Voicemail,02-18-2021 19:52:18,64833,0.9500000000000001
279,We have become fearless,04-09-2021 12:18:38,64721,0.89
280,Always buy the dip!,01-28-2021 10:33:10,64654,0.99
281,We're going *higher* than the moon,02-10-2021 12:03:24,64454,0.84
282,THEY'VE GOT NO BULLETS,01-29-2021 14:18:00,64443,0.98
283,Bought at the top to encourage you retards to not give up,01-27-2021 10:58:26,64344,0.9500000000000001
284,I made a promise to some friends that I would eat a green crayon if GME hit $250. Might as well show you apes as well.,03-10-2021 02:30:00,64336,0.8300000000000001
285,When will the dip dip???,05-06-2021 15:11:26,64328,0.92
286,GME Megathread,01-28-2021 11:27:17,64137,0.93
287,They are going after DeepFuckinvValue,02-17-2021 12:35:45,64045,0.92
288,My portfolio the entire fucking month,03-05-2021 11:16:41,63947,0.93
289,The r/wsb new money crowd gives the stonks a good talking to,02-19-2021 11:59:28,63895,0.91
290,Stimmy Gang WYA,12-22-2020 10:30:02,63773,0.9500000000000001
291,u/deepfuckingvalue hitting front pages out here in Canada ğŸš€ğŸš€ğŸš€ğŸš€ğŸŒ‘ğŸŒ‘ğŸŒ‘ğŸš€ğŸš€,01-30-2021 19:29:25,63755,0.97
292,New Robinhood commercial just dropped,02-20-2021 18:47:38,63685,0.92
293,So i was reading Cramers book from 2006 XD,03-16-2021 20:38:51,63647,0.9400000000000001
294,Diamond Hand Rocket Song,03-07-2021 20:20:53,63539,0.77
295,Johnny Sins is with us!!! ğŸš€ğŸš€ğŸš€,02-01-2021 16:21:44,63439,0.9500000000000001
296,"GameStop, AMC short sellers sit on nearly $1 billion loss.",05-18-2021 07:51:31,63043,0.89
297,Robinhood now blocks users from getting their statements. Statements are required if you want to transfer to another broker.,01-30-2021 17:47:06,63004,0.96
298,"GME gang, remember to give back. Tomorrow I'm paying it forward at our local hospital and buying coffee and donuts for our front lines. Those heroes deserve a fucking medal!",01-29-2021 18:18:04,62981,0.92
299,Our Darkest Hour.,01-28-2021 21:07:32,62832,0.98
300,DFV's Double Down Update Set Record for Most Awards on a Reddit Post,03-05-2021 20:29:52,62831,0.9
301,Here you go apes ğŸ’ğŸ¦,03-29-2021 06:48:08,62133,0.92
302,Why am I like this,04-23-2021 11:44:25,62031,0.92
303,"Apes Together Strong $301,000 and counting",03-15-2021 20:01:57,62003,0.93
304,GameStop founder Gary Kusin said it was an 'honor' retail investors targeted the company: 'I just grabbed some popcorn' ğŸš€ğŸš€ğŸš€ğŸš€,01-31-2021 22:08:48,61667,0.97
305,SEC Intern pls read: False media reports about â€œReddit tradersâ€ moving into ____ is clear market manipulation,02-01-2021 06:48:36,61540,0.96
306,WSB Hedge Fund,01-27-2021 10:24:55,61427,0.9500000000000001
307,WSB: GME Infinity War,02-09-2021 08:02:52,61294,0.85
308,Can anyone guess when I discovered options trading?,02-14-2021 12:28:46,60986,0.91
309,You heard the man. YES,03-09-2021 14:45:08,60698,0.93
310,Message from a TSLA veteran: Shut the fuck up and hold,02-02-2021 21:38:54,60267,0.88
311,WSB and Apes rn,03-13-2021 22:20:29,60128,0.9400000000000001
312,"It's not about the money, it's about sending a message. ğŸš€ğŸ’ğŸ™Œ",01-28-2021 06:37:41,60103,0.97
313,Chappelle has our backs ğŸ¦ğŸš€ğŸ’ğŸ¤²ğŸ¼,02-26-2021 23:52:08,59712,0.92
314,"Dian Fossey Gorilla Fund has updated their frontpage with ""APES STRONG TOGETHER"". ğŸ¦ğŸ¦ğŸ¦ğŸ¦ğŸ¦",03-14-2021 10:25:36,59656,0.92
315,"Watching GME, waiting for it to Squeeze like:",03-19-2021 15:40:16,59595,0.88
316,GME realistic price prediction DD,03-06-2021 16:22:51,59270,0.86
317,"Gamestop, AMC short sellers lost $754 million after Tuesday's rally",05-26-2021 09:56:19,58949,0.89
318,Key moments from DFV's testimony tomorrow,02-17-2021 16:10:41,58895,0.89
319,58th attempt at posting my fucking meme,01-28-2021 21:59:14,58884,0.9
320,"Beware those who are shilling other stocks claiming they're the next GME! They're just trying to get your attention, and they're succeeding! ğŸš¨",01-30-2021 05:35:02,58625,0.8200000000000001
321,"I emailed a journalist to let him know that WSB is NOT buying silver. His response? He joined the community! Welcome retard, can we make this a trend? Let's open people's eyes to hats really going on. GME ğŸš€ğŸš€ğŸš€ğŸš€ğŸš€",02-03-2021 07:00:19,58585,0.91
322,I Feel Targeted,10-23-2020 12:35:33,58518,0.9400000000000001
323,A GME story.,02-06-2021 09:15:16,58476,0.84
324,Day 1 of GameStop Hearing - House Committee on Financial Services,02-13-2021 15:22:10,58214,0.91
325,They say history repeats itself,02-04-2021 19:17:10,58164,0.91
326,The real reason Wall Street is terrified of the GME situation,01-31-2021 03:10:30,58144,0.93
327,Can I get a flair for buying GME at the literal top ($155.29)?,01-25-2021 12:18:21,58023,0.88
328,I SAY WHEN WE SELL!,01-27-2021 22:42:51,57861,0.96
329,Professionals trading options vs. WSB trading options,03-14-2021 23:11:37,57810,0.91
330,"Interactive Brokers chairman on CNBC just now, asked why they halted trading: ""Honestly, to protect ourselves""",01-28-2021 15:18:00,57758,0.98
331,GME Institutions Hold 177% of Float Why the Squeeze is not Squoze,02-06-2021 12:22:22,57764,0.88
332,Lawmakers side with retail investors against Wall Street institutions !!!!!!! GME AMC BB NOK ğŸš€ğŸš€ğŸš€,01-28-2021 19:11:04,57743,0.98
333,"Never sell, cowards",01-28-2021 09:27:10,57670,0.98
334,"Her: ""He's probably cheating on me."" Him:",03-19-2021 22:37:14,57647,0.89
335,All In The War Machine,01-07-2020 10:40:30,57468,0.9500000000000001
336,DEEP FALCON VALUE,03-14-2021 08:17:59,57357,0.92
337,15 U.S.C.A. Â§ 78i - the Illegality of Short Ladder Attacks (Legal insight),02-01-2021 16:58:21,56972,0.96
338,Even Reddit CEO/founder (u/spez) changed his profile picture to Diamond Hands baby,02-02-2021 08:56:28,56894,0.9
339,Tomorrow shall be wild,03-07-2021 15:34:17,56861,0.9400000000000001
340,"Delivered bags of peanuts to GameStop employees, as I said I would. Still holding 100 shares of GME!!! ğŸš€ğŸš€ğŸš€",01-30-2021 12:04:16,56793,0.97
341,STOP POSTING AND COMMENTING ABOUT ORGANIZING,01-30-2021 01:30:09,56768,0.92
342,'This is real' â€” Mark Cuban says Reddit traders won't go away just because they lost money,02-02-2021 12:18:10,56754,0.96
343,The Wolf of WallStreetBets Trailer - Created this for the community,02-22-2021 14:34:47,56511,0.91
344,Finally an Honest Investigative News Report - â€œThe GameStop Mess Exposes the Naked Short Selling Scamâ€,02-25-2021 22:16:43,56503,0.9400000000000001
345,I built a tool for us to track US Representatives Stock Trades,04-05-2021 13:00:19,56494,0.9400000000000001
346,I know this person has to be in this subreddit,01-06-2021 17:30:20,56442,0.9400000000000001
347,Joining WSB,04-10-2021 22:31:26,56402,0.88
348,We did it boys!,01-29-2021 08:58:16,56326,0.91
349,GME Endgame,01-27-2021 00:09:36,55962,0.91
350,To all ğŸ’ğŸ™Œ who are too low karma to post,02-02-2021 16:18:35,55768,0.9500000000000001
351,"I Will Invest $100,000 Into Whatever Is The Top Reply In A Week lol",07-15-2020 10:40:08,55714,0.85
352,Stonks!!!,02-03-2021 22:39:46,55624,0.93
353,"Gizmodo recognizing the donations to gorilla funds. Wholesome stuff, guys ğŸ’ğŸ™Œ",03-14-2021 22:14:32,55584,0.92
354,To all GME holders: Shut up and listen,02-02-2021 06:26:37,55544,0.88
355,THIS IS THE WAYğŸ’ğŸ’,02-02-2021 12:20:21,55449,0.96
356,None of these individuals are part of Wallstreet Bets. Nobody speaks for WSB.,01-27-2021 20:16:15,55353,0.93
357,Found out how to buy call options today.,03-11-2021 16:18:29,55337,0.91
358,NYSE just tweeted to remind everyone to â€œhgâ€ which obviously stands for HOLD GAMESTOP!!! ğŸ’ ğŸ‘,01-31-2021 12:21:04,54969,0.97
359,Sorry for your loss Ryan Cohen. Condolences from Wallstreetbets,03-17-2021 16:21:30,54928,0.89
360,A Few Steps Closer to Valhalla,02-09-2021 15:21:37,54903,0.91
361,Gold Standard < Big Mac Standard,08-13-2020 07:38:36,54747,0.9500000000000001
362,Just bought 87 shares of GME from Saudi Arabia. I stand with you fellow retards all the way to the moon ğŸš€ğŸš€ğŸš€,02-01-2021 08:51:52,54629,0.96
363,PETITION TO REMOVE ROBINHOOD FROM APP STORE,01-28-2021 13:08:39,54609,0.9400000000000001
364,"Wallstreetbets, it's a privilege holding with you!",02-04-2021 11:28:42,54614,0.93
365,"Tyler Winklevoss announces Gemini creating new ""trading venue;"" welcomes r/WallStreetBets",01-28-2021 15:09:24,54531,0.96
366,Keith Gill / DFV's Remarks to Congress,02-17-2021 14:58:06,54515,0.9500000000000001
367,"Work Hard, Play Harder. WallstreetBets, I fucking love you all! Presenting Aloha WSB! ğŸ’ğŸ™ŒğŸš€ğŸŒ´",02-22-2021 07:16:25,54450,0.77
368,Theyâ€™re afraid!,01-29-2021 22:41:17,54450,0.97
369,Dont piss off the mods,03-03-2021 16:33:21,54415,0.9
370,Visual representation of what happens when I buy any stock.,03-18-2021 18:49:29,54353,0.9400000000000001
371,Monster Crash,05-05-2021 13:21:34,54219,0.89
372,"IF HEâ€™S STILL IN, Iâ€™M STILL IN",02-24-2021 09:43:31,54194,0.93
373,RobinHood CEO when responding to Chris Cuomo on why he shut down trading of GME and AMC,01-29-2021 07:31:04,54187,0.98
374,DONâ€™T MIND IF I DO!,01-29-2021 17:09:12,54177,0.98
375,Trying to time a TSLA trade,03-22-2021 18:52:24,54107,0.91
376,Is this how I buy silver? ğŸ¦ ğŸš€ ğŸš€,02-01-2021 11:08:29,54091,0.9500000000000001
377,The Finest News Source in America knows whatâ€™s up ğŸ’ğŸ’ğŸ’ğŸš€ğŸš€ğŸš€,01-29-2021 19:28:22,53932,0.98
378,Chamath Palihapitiya schools Scott Wapner on what the real issue is. CNBC didn't upload this on youtube!,01-27-2021 14:41:00,53792,0.98
379,Hakuna Matata you beautiful apes!!!,03-13-2021 23:45:29,53685,0.93
380,GME and AMC Holders Right Now,03-04-2021 14:36:34,53686,0.89
381,Red crayons are our favorite,05-13-2021 09:33:26,53653,0.86
382,When WSB hates Robinhood yet still posts a bunch of position screenshots from RH:,03-04-2021 10:29:07,53498,0.93
383,GME YOLO update â€” Jan 13 2021,01-13-2021 16:04:19,53487,0.9500000000000001
384,Weâ€™re taking over Wall Street,01-31-2021 13:01:52,53457,0.96
385,Papa Elon back at it again with the one liners.,01-28-2021 10:33:45,53389,0.9500000000000001
386,"In just 2hrs, WSB have forced the Financial Times to adjust their article accusing our community of being linked to the alt-right. Hold the MSM to account and be excellent to each other.",01-28-2021 07:05:10,53385,0.98
387,"That's not very nice, Dr. Parik!",02-03-2021 08:38:51,53143,0.96
388,"If your friends and family are wondering why you're buying $GME @ $300, maybe you can explain it to them like this:",01-30-2021 08:42:15,53072,0.9500000000000001
389,"Been an AMC employee for 5+ years, so thanks for bailing us out and saving my job. Also, ""I'm not fucking leaving""ğŸ’ğŸ‘",02-01-2021 16:05:11,53016,0.97
390,WSB Retards At Market Open,03-12-2021 06:42:46,52935,0.91
391,"I know yâ€™all are used to seeing millionaires on here, but the little guys are also holding ğŸ’¯ğŸš€",01-31-2021 15:23:31,52939,0.96
392,Markets crash every time Oreo releases an even greater-stuffed cookie,04-27-2021 05:49:34,52916,0.93
393,"Just a little advice from a Billionaire... â€œif you still believe in the reason you bought the stock, and that hasnâ€™t changed, why sell?â€",02-25-2021 17:19:14,52844,0.92
394,Type yy into google.,06-29-2019 18:14:57,52807,0.92
395,Virgin Vlad vs Chad DFV,02-18-2021 13:11:32,52551,0.96
396,sounds right,01-03-2021 15:08:21,52364,0.92
397,$GME shorties yesterday vs today,03-25-2021 13:09:52,52248,0.9
398,Bill Gross is short GME. Selling $250 and $300 calls.,03-16-2021 15:51:08,52177,0.85
399,Please give the RIGHT Robinhood hate! This is a charity guys!,01-28-2021 13:50:06,52120,0.96
400,"I said if SPY closed green today, I would drink my pee. Here is my lame video.",04-29-2020 19:12:33,52041,0.88
401,"Down $1.1 Million over the week, and I Didnâ€™t Hear No Bell ğŸ’ ğŸ‘Š ğŸ¦",02-02-2021 16:26:07,51881,0.96
402,"Coming soon to I-95 around Baltimore,MD",01-30-2021 18:23:39,51866,0.98
403,new wsb fomo traders yesterday,03-11-2021 04:31:38,51757,0.9
404,Every time I follow anybody elseâ€™s trading idea,05-12-2021 07:21:07,51712,0.91
405,The moon has been reached. Next stop: MARS! ğŸš€ğŸš€ğŸš€ğŸš€ğŸš€ğŸš€ğŸš€ğŸ’ğŸ™Œ See ya on Monday!,01-31-2021 16:36:42,51688,0.96
406,BREAKING: SEC issues ruling on GameStop stock trading,01-30-2021 23:03:00,51636,0.97
407,Paper hand bitch lol,02-02-2021 10:35:19,51601,0.91
408,We will win (Watch till end),01-28-2021 17:12:34,51539,0.97
409,GameStop short sellers have lost over 6.5 billion dollars this year.,05-26-2021 14:29:17,51375,0.92
410,CHARLES KNOWS WHATS GOOD... WE DIDNT RUN AND HIDE... WE RIGHT HERE ğŸ’ğŸ™ŒğŸ¼ğŸ¦ğŸ¦ğŸš€,04-08-2021 15:30:00,51240,0.89
411,"Kevin O'Leary Live Now thinks a second kick of life is coming to GameStop, says ""If I was short that stock right now I would be worried""",04-13-2021 13:43:35,51208,0.86
412,When you read fake news on CNBC that Melvin supposedly closed out,01-27-2021 06:50:17,51016,0.96
413,See how the rich lose money and now want to change the rules so they can never lose? ğŸ¤¬ğŸš€ğŸš€,02-26-2021 09:59:32,50951,0.93
414,Looks like short squeeze back on the menu boys! Buy and HOLD ğŸ’ğŸ™ŒğŸ’,02-24-2021 16:32:29,50936,0.9500000000000001
415,THE DIP IS FAKE. LOOK AT HOW MANY PEOPLE ARE BUYING COMPARED TO SELLING. RELAX AND HOLD,02-02-2021 10:23:42,50869,0.93
416,One among us!,01-05-2021 08:07:18,50754,0.93
417,Robinhood is toast....Fidelity massive transfer volume,01-31-2021 17:59:09,50711,0.97
418,What in the world is Wallstreetbets?,01-29-2021 17:29:17,50650,0.96
419,Canâ€™t believe itâ€™s already been 10 years since January 27th 2021!,03-09-2021 08:16:00,50643,0.9400000000000001
420,When weed stocks are rippin',02-10-2021 13:54:08,50580,0.8300000000000001
421,Robinhood CEO has former SEC commissioner prepping him. In case you were mistaken and thought the SEC was gonna help you.,02-17-2021 12:54:47,50558,0.9500000000000001
422,Volume is low. Donâ€™t believe the news. No one is selling. $GME is going to the moon. Hold on.,02-01-2021 14:34:39,50528,0.97
423,Mother of God - Ted Cruz and AOC agree on something and it's in defense of us idiots. We're uniting the country!,01-28-2021 11:58:10,50486,0.98
424,"We now have more degenerates than the population of New York City. YES, WE ARE BIGGER THAN THE MOST POPULOUS CITY IN THE UNITED STATES OF AMERICA. APES. TOGETHER. STRONG. ğŸ¦ğŸ¦ğŸ¦ğŸ’ªğŸ’ğŸ’ğŸ’ğŸ™ŒğŸš€ğŸš€ğŸš€ğŸš€ğŸš€",02-03-2021 17:28:32,50433,0.9400000000000001
425,The Financial Times are attempting to link WSB with the alt-right. Do not let the mainstream media villainise our community and push this narrative.,01-28-2021 04:01:23,50387,0.97
426,This is MARKET MANIPULATION. Where is the SEC on this???,01-28-2021 08:10:29,50311,0.99
427,LET'S GET IT BOYS,03-16-2021 06:52:08,50254,0.89
428,"GME, we're all rooting for you!",04-09-2021 14:39:59,50004,0.91
429,Why should any American company ever act responsibly again?,04-09-2020 13:00:59,49989,0.9400000000000001
430,Soon we'll all be able to buy our own GameStop ğŸš€ğŸš€ğŸš€,01-29-2021 23:47:54,49821,0.9500000000000001
431,Oil is now expenzive,09-16-2019 10:28:12,49771,0.91
432,ğŸ’ğŸ™Œ Diamond Hands Cocktail ğŸ’ğŸ™Œ,04-01-2021 17:18:37,49756,0.88
433,"The SEC Just posted the new numbers for Failure to Deliver. Guess What, GME is failing to deliver every day.",02-16-2021 10:32:02,49431,0.91
434,Robinhood is facing nearly 50 lawsuits over GameStop frenzy.,03-01-2021 21:49:39,49343,0.96
435,DONT FALL FOR THE FAKE BS REPORT BY CNBC,01-27-2021 06:47:20,49029,0.91
436,"Me trying to ""perfectly"" time buying the dip",03-20-2021 16:26:47,49008,0.92
437,420.69 at premarket - sign from the Stonk Gods,01-29-2021 04:48:19,48979,0.98
438,"My dad, working through a 15-hour time zone difference almost every day",09-10-2019 12:02:17,48726,0.9400000000000001
439,Guys Iâ€™m sorry I panicked and bought moreğŸš€ğŸš€ğŸš€ğŸš€ğŸš€ğŸš€ğŸ’ğŸ™ŒğŸ½ğŸ’ğŸ™ŒğŸ½,02-02-2021 10:43:43,48667,0.97
440,u/Thechalkingdad with is chalk art,01-31-2021 18:26:46,48493,0.97
441,UPDATE: $GME in full Phineas mode,03-02-2021 22:25:00,48426,0.92
442,My wife just told me she's pregnant with our 2nd!! ğŸ¥³ A) sweet! B) THANK YOU WSB FOR THESE 3M RETURNS! I'm on track to retire early and spend time with my kids ğŸ™‚ğŸ¥²ğŸ˜­,02-05-2021 20:50:31,48381,0.88
443,DeepFuckingValue position update | GME,02-21-2021 22:21:47,48361,0.9500000000000001
444,Found an autismobile belonging to a fellow ape!!! ğŸ¦ğŸ’ğŸ‘ğŸš€,03-09-2021 17:16:59,48299,0.93
445,"GME Megathread for March 10, 2021",03-10-2021 08:30:11,48293,0.88
446,[LEAKED] WSB Top Minds Developing DD,04-22-2021 11:40:38,48003,0.87
447,I see dead hedge funds,01-27-2021 21:06:36,47941,0.96
448,"If GameStop hits 800 before 2/26 we will trigger the Mother of All Short Squeezes, read up.",02-25-2021 02:25:32,47794,0.9
449,"GME Megathread Part 2 for March 10, 2021",03-10-2021 12:35:21,47748,0.89
450,"Swedish news - Over 50k swedes is still holding $GME, me included. Swedish apes still strong.",02-18-2021 02:46:27,47654,0.91
451,She belongs here,11-29-2020 21:41:19,47641,0.9500000000000001
452,I hope as a community we can respect /u/DeepFuckingValue's decision if/when he decides to sell $GME and not flip out on a guy who's never once said he's planning to hold till the end of time.,02-01-2021 21:36:56,47629,0.92
453,"Donâ€˜t forget to get your bananas, because â€Monkey never crampsâ€œ ğŸŒğŸ¦",03-14-2021 17:19:20,47433,0.9400000000000001
454,"i'm about to YOLO my $800k life savings on starbucks gift cards, what are the tax implications ??",04-04-2021 11:22:36,47405,0.76
455,SHARE AND UPVOTE. Screw Wall Street. We need to make our trading platform for retail traders only.,01-28-2021 11:34:56,47220,0.96
456,Why I'm selling GME,03-09-2021 13:24:41,47138,0.8300000000000001
457,Robinhood has halted trading once again!,02-15-2021 13:29:00,47084,0.78
458,Here it is in all its glory,01-30-2021 03:34:19,46914,0.98
459,MELVIN CHEATED,03-01-2021 08:26:07,46719,0.93
460,WSB analyzes some charts,05-02-2021 15:27:36,46678,0.85
461,Still virgin but rich,01-29-2021 16:37:21,46651,0.96
462,Light em up,04-30-2021 14:28:04,46650,0.91
463,We cant let WSB get political no matter what,01-28-2021 23:16:46,46638,0.9
464,Putshire Cashaway,04-14-2020 12:21:08,46621,0.9500000000000001
465,I have finally dug myself out of a very unpleasant hole from last year ğŸ‘Š,02-21-2021 13:45:00,46488,0.9500000000000001
466,"UK Trading app FreeTrade are being forced to disable buys again citing orders from their FX provider. This is it folks, this is manipulation.",01-29-2021 09:36:31,46088,0.98
467,"No bamboozles, everyone who comments in this thread will be invited to become a mod of r/WSB.",04-01-2019 15:56:10,46039,0.87
468,We are at it again Apes,05-13-2021 15:03:50,45848,0.88
469,If PAPA MUSK IS FOR US WHO CAN BE AGAINST US !!! IM STILL HOLDING!!!,01-28-2021 15:39:14,45833,0.97
470,"Well, Fuck",02-04-2021 14:20:59,45727,0.78
471,It needs to be said louder and more often. WE ARE KILLING IT.,02-01-2021 17:56:38,45690,0.97
472,We made it to the bull. Taking over boys!ğŸ’ğŸ’,02-03-2021 15:43:43,45545,0.96
473,ğŸš€ğŸš€ $GME Premarket be like ğŸš€ğŸš€,03-09-2021 05:53:41,45448,0.93
474,Great Scott...$AMC,01-31-2021 19:58:24,45313,0.9
475,To the moon we go! ğŸš€ğŸš€ğŸš€ğŸŒ™,02-27-2021 13:23:22,45182,0.9
476,Government hates this simple tax trick,05-16-2021 20:48:11,45166,0.91
477,This is so satisfying to look at,02-01-2021 14:28:39,45072,0.98
478,"My best GME gain porn. $1,295 --> $959,663 in just over 3 weeks. Sold because of brokers blocking buy orders. Sorry",02-08-2021 16:16:27,45050,0.78
479,"""We Can Stay Retarded Longer Than You Can Stay Solvent"" - Someone",02-02-2021 07:06:41,45044,0.9500000000000001
480,When DFV posts literally anything,05-07-2021 05:56:05,44814,0.89
481,$GME squeeze incoming,04-26-2021 15:49:15,44734,0.81
482,This didnâ€™t get nearly enough appreciation the last time,03-12-2021 02:23:18,44695,0.91
483,On. Serious note: respect the decisions of deepfuckingvalue from here on out,02-04-2021 03:22:37,44568,0.86
484,It really do be like that doe,10-11-2020 01:04:53,44555,0.96
485,Economic Scarcity ğŸ¤”ğŸ’°,05-20-2020 10:09:35,44395,0.93
486,"Hulu gme special, they cut off Jim Cramer to let a ten year old explain short selling, well done",03-15-2021 21:40:57,44385,0.96
487,My gf and I are holding GME from South Korea. Hold the line!!,01-28-2021 09:56:52,44365,0.98
488,Please stop promoting Belfort,02-01-2021 19:00:52,44229,0.92
489,Iâ€™m so fucking proud of every single person in or connected to this sub.,01-27-2021 23:50:34,44192,0.97
490,Stonks,07-15-2020 17:58:11,44174,0.96
491,"What 3,280,000 jobless claims looks like versus the past 50 years of reports",03-26-2020 08:53:06,44152,0.96
492,"u/SquishedPeter's Cat Megathread for March 2nd, 2021",03-02-2021 18:21:20,44145,0.9
493,Why This Weekend Is So Crucial...,01-29-2021 11:19:19,43971,0.98
494,He is one of us!,01-26-2021 10:37:20,43834,0.89
495,"Shout to /u/LAMPZWORLDWG22 who borrowed money from a drug dealer for GME, and then asked Reddit how to get a refund because the stock went down",03-18-2021 07:15:51,43818,0.96
496,"strap in boys, they're coming",01-28-2021 16:07:55,43700,0.98
497,Amazon reacting to the market by discounting rentals of The Big Short,01-29-2021 16:26:06,43663,0.98
498,12-year old Russian trader loses everything after visiting WSB,05-16-2020 08:36:33,43347,0.9400000000000001
499,GME volume still low with positive CMF which means retards keep holding,02-01-2021 09:49:34,43339,0.98
500,"**REMINDER**: /r/WallStreetBets just jumped from 1.7 million subscribers last week to moments away from 6 MILLION subscribers today, over a 300% gain. BE CAREFUL WHAT YOU READ!",01-29-2021 09:46:21,43306,0.98
501,"Join a hedge fund, what do you get?",03-21-2021 08:16:43,43302,0.91
502,"DON'T FORGET THIS, IT'S STILL A LONG TERM INVESTMENT, HOLD THOSE BAGS PROUDLY ğŸ’ğŸ™ŒğŸ’ğŸ™ŒğŸ’ğŸ™Œ",02-05-2021 06:43:21,43261,0.93
503,Doing some community service.,03-16-2021 22:29:35,43222,0.92
504,"Prepare your chest, dear ape!",03-08-2021 15:30:49,43184,0.96
505,ğŸ¦€ğŸ¦€ğŸ¦€ We did it boys ! Gamma Squeeze incoming ! ğŸ¦€ğŸ¦€ğŸ¦€,01-29-2021 17:38:02,43066,0.96
506,"Ha, that's an easy one",02-07-2020 09:54:28,42974,0.9400000000000001
507,IM GONNA CUM!ğŸš€ğŸš€,01-26-2021 16:09:04,42964,0.86
508,"Netflix is coming out with a movie/show on GME, lets give them a happy ending ğŸš€ğŸš€ğŸš€",02-02-2021 13:56:17,42839,0.9500000000000001
509,"We stand together, fellow apes!",02-28-2021 13:16:39,42822,0.9
510,At this point I just want to prove everyone wrong,02-02-2021 22:03:47,42750,0.93
511,Even the smallest shareholder can change the course of the future - PART 3,02-11-2021 10:39:53,42673,0.8300000000000001
512,Our darkest hour...,02-02-2021 12:42:07,42630,0.9500000000000001
513,DON'T DOUBT UR VIBE,02-04-2020 12:33:44,42615,0.92
514,Don't be this guy - a glimpse into the future,02-02-2021 12:11:04,42605,0.92
515,Just an FYI to all you GME apes,02-04-2021 14:19:03,42530,0.9500000000000001
516,What a lovely day!,02-14-2021 19:22:34,42533,0.88
517,How to pick your next buy guys!,03-02-2021 22:41:45,42365,0.9400000000000001
518,"When he doubles down, I double down. Why? DFV with the in-depth analysis...",02-24-2021 17:01:20,42360,0.97
519,"This is me reacting to everyone in my life telling me that $GME is a ""too volatile"" or ""a risky"" investment",03-16-2021 12:25:13,42308,0.91
520,The Insurrection of the Apes,05-06-2021 05:56:30,42282,0.89
521,"At these levels, it's NOT about the price of the stock. It is the number of shares in the hedge funds' possession. That's why they want you to sell.",02-01-2021 12:28:34,42227,0.98
522,A retard was spotted in Alabama,02-02-2021 17:17:08,42198,0.9500000000000001
523,GameStop Announces Preliminary Sales Results for the First Nine Weeks of Fiscal 2021 Reflecting an Approximately 11% Increase Compared to the Prior Year Period,04-05-2021 06:05:12,42031,0.9
524,Tendies with your tendies: 100 tendie lunches for the local children's hospital workers.,01-31-2021 15:03:10,41826,0.97
525,"My father passed away today, and will now watch over all of us apes to ensure we go the moon. Rip pops, this one's for youğŸš€ğŸŒ•",02-25-2021 13:16:57,41827,0.91
526,When my broker suggest I get out of GME asap,01-29-2021 15:50:33,41808,0.99
527,ROBINHOOD HAS RESTRICTED $GME DOWN TO 1 SHARE! DO NOT SELL! YOU CANNOT BUY BACK IN!,01-29-2021 14:23:58,41803,0.98
528,"I'm HOLDING for my immigrant parents so I could pay off their house and give them the retirement life they deserve, after leaving a comfortable life and moving to the US to give my brother and I better opportunities. And I'm HOLDING for you! GME ğŸš€ ğŸš€",01-31-2021 13:27:20,41763,0.9500000000000001
529,"Analysis on Why Hedge Funds Didn't Reposition Last Thursday, Why They Didn't Cover on Friday, and Why They Want You to Think They Did. (GME)",02-05-2021 17:39:28,41756,0.92
530,Wallstreetsbets getting infiltrated by CCP?,01-10-2021 11:28:30,41653,0.81
531,Pain.,10-01-2020 11:41:40,41646,0.9500000000000001
532,"Me on Nio, GE and Ford.",10-20-2020 11:21:37,41618,0.93
533,This ... does put a smile on my face.,01-28-2021 23:12:19,41611,0.99
534,"200,000% Return. 4 Pre-split TSLA options purchased summer 2019. Still holding...",12-05-2020 11:39:40,41542,0.9
535,When I buy shares I will be stronger. They'll call me freedom just like a wavin' flag,03-02-2021 05:00:53,41535,0.93
536,CEO has our back!,02-18-2021 11:37:37,41519,0.97
537,Forbes quotes DFV,02-18-2021 14:57:03,41481,0.97
538,"CONGRATULATIONS TO VERIZON ON A 98.1% loss on Tumblr (paid $1,100,000,000 in 2013, sold today for under $20,000,000)",08-12-2019 18:51:33,41456,0.97
539,FUCK YOU CRAMER WE NEVER SELL ğŸš€,01-29-2021 10:16:17,41455,0.96
540,"Mark Cuban AMA at 9:30 AM CST, Tuesday 2/1/2021",02-02-2021 00:28:56,41450,0.93
541,I am going to short the whole country of South Africa.,02-16-2021 03:54:09,41346,0.81
542,Robinhood brand is severely damaged: 56% of account holders are considering leaving Robinhood,02-19-2021 13:20:46,41330,0.97
543,Was Walking to Work Today and Caught A Glare off This Diamond Handed Sculpture--------------------------------------------------------Just an ape looking for a ride to the moon and beyond.,02-03-2021 08:58:21,41241,0.97
544,Kevin O'Leary is making a $10k YOLO,02-09-2021 09:18:56,41226,0.71
545,Just YOLOâ€™d 200k on GME PREMARKET,01-29-2021 07:03:54,41156,0.98
546,As promised in the GME daily thread: 1 pet goodnight for every dollar gained today,03-09-2021 21:06:52,41085,0.92
547,ETORO STEALS GME FROM THEIR USERS! PROOF HERE,02-01-2021 15:22:59,40946,0.97
548,Today pretty much,03-10-2021 16:33:47,40773,0.96
549,GME YOLO update â€” Jan 19 2021,01-19-2021 16:05:55,40739,0.96
550,Which of you retards made me almost crash to get this picture on my Nashville commute? AMC TO THE MOOOOOON!!11!1!1!1!1!! ğŸš€,02-05-2021 10:37:14,40669,0.87
551,ğŸš¨ğŸš€ğŸš¨ Linus just ran a stream where he would 5x donations and buy $GME. $10k was raised.,01-29-2021 22:06:42,40621,0.96
552,This is 100% Proof that GME is *literally* in Countdown-to-Launch Phase,02-04-2021 14:44:06,40582,0.86
553,Went from -$6000 to +$2M in $GME and I AINT SELLING till gme hits $5000+ğŸ’ğŸ¤šğŸš€,01-30-2021 16:04:39,40568,0.98
554,He is sending us a message. ğŸ˜‰,02-18-2021 21:10:35,40557,0.9500000000000001
555,Infinite Oil Storage,04-21-2020 10:20:01,40535,0.9500000000000001
556,Cat don't care,05-12-2021 14:24:45,40480,0.92
557,Ryan Cohen to Become Chairman of the Board Following Annual Meeting,04-08-2021 07:07:23,40483,0.9
558,Doing my part as a broadcaster to tell the truth about Robinhood and their manipulation....,01-29-2021 10:48:27,40463,0.97
559,If the SEC ever decides to do their job,04-06-2021 17:05:00,40431,0.92
560,Waking up to make sure my meme stonks are still down,02-12-2021 11:16:36,40363,0.9500000000000001
561,This guy knows about long term investments.,09-30-2018 18:38:24,40220,0.9
562,"Thank you for this moment, you've given me purpose",01-28-2021 15:58:16,40209,0.98
563,"""So you see eventually they have to fill the shorts buy buying back the stock, it's a sure fire thing""",05-26-2021 05:36:09,40175,0.9
564,"Billboard in Orlando, FL near a busy intersection! ğŸš€ğŸš€ğŸš€",02-03-2021 05:39:49,40094,0.9400000000000001
565,"AT THIS RATE $5,000 IS GOING TO BE NOTHING FOR GME upvote for visibility",01-28-2021 10:10:58,39918,0.97
566,"DONâ€™T LISTEN TO LIES, SHORTS HAVENâ€™T EVEN BEGUN SELLING.",01-29-2021 13:52:56,39801,0.98
567,Let's do this for Alex! AMC and GME to the moon!,02-25-2021 19:19:41,39682,0.93
568,"Rep. Bill H. ""Answer my question, yes or no, would you buy the stock?"" DFV: ""YES.""",02-18-2021 13:34:41,39683,0.98
569,Don't get Psych'd out! Hang in there...,02-27-2021 08:01:28,39628,0.92
570,Me buying $GME today at 216 and 180,03-10-2021 22:37:07,39593,0.9400000000000001
571,Aim for the moon,02-06-2021 10:49:27,39581,0.9
572,Another WSB Sea Shanty - Bones in the Ocean Cover Link to Youtube in the comments,02-22-2021 23:41:44,39505,0.87
573,MONDAY MARKET OPENING ATTACK EXPLAINED: How institutional investors brought GME down by $5B in 1 hour with $250M,02-02-2021 07:57:35,39487,0.96
574,"Days ago, Robinhood had the potential to be a major brokerage and a top IPO. Now there's a significant chance they won't survive",01-30-2021 22:27:41,39427,0.98
575,My life is a dumpster fire of FD's,03-07-2021 15:07:34,39382,0.9400000000000001
576,"According to the Washington post r/wsb is sexist According to their ""experts"".",02-03-2021 11:59:30,39374,0.96
577,"Dear hedge fund managers, CNBC, and the like, Guess what I did yesterday? Went to work then got drunk watching anime until 12am. Guess what Iâ€™ll do tomorrow if I loose all these gains? Not a goddamn thing different ğŸ’ğŸ™ŒğŸš€ğŸš€ğŸš€",01-28-2021 07:24:11,39299,0.98
578,Taking my GAINS paying off my house I just built.. Iâ€™m laying off the market for awhile.. my head hurts,03-04-2021 18:46:03,39260,0.9
579,I spent four hours writing Hamilton-themed PLTR propaganda and I was told by the mods I needed to rap it myself for it to stay up so I apologize in advance for what you are about to hear.,01-14-2021 17:40:11,39244,0.9400000000000001
580,Us against the world,01-28-2021 13:45:49,39236,0.61
581,Them: â€œYouâ€™d have to be stupid to buy more shares right now.â€ All Of WSB:,03-08-2021 08:40:18,39211,0.96
582,ROUND TWO WE OUT HURR,02-22-2021 16:26:52,39203,0.9
583,Make sure to file a complaint to SEC about Robinhood Market manipulation,01-28-2021 08:31:50,39131,0.99
584,ODDS ARE FOR SUITS: GameStop Strikes Back,03-08-2021 11:08:19,39070,0.9400000000000001
585,"Why AMC, Blackberry, Nok went down during after hours",01-27-2021 19:50:38,39015,0.96
586,Stimulus & Printer 500 - On the Run,06-16-2020 09:26:40,38881,0.96
587,GME turns GREEN when DFV speaks love you autists. HE LIKES THE STOCK!,02-18-2021 12:46:59,38857,0.97
588,Baltimore is not Selling. Diamonds are forever.,02-01-2021 18:19:31,38824,0.98
589,Made fake tinder of 22 yr old hot girl to solicit financial advice from old men looking for sugar babies,06-15-2018 15:28:00,38765,0.88
590,DON'T PANIC AND JUST LOOK AT THE FUCKING VOLUME,02-01-2021 10:36:33,38685,0.98
591,GME Hype Trailer,03-09-2021 08:42:27,38637,0.97
592,"Wall Street Bets traders are more skilled and responsible than they get credit for, a new academic study finds",04-11-2021 10:02:01,38636,0.85
593,UNITED STONKS OF AMERICA.,01-28-2021 10:36:44,38560,0.99
594,Went all in this morning! Support From France â˜€ï¸ğŸ‡«ğŸ‡·,02-01-2021 06:47:48,38552,0.98
595,New WSB members after making their first profitable play:,02-23-2021 13:13:48,38460,0.9500000000000001
596,"$181,840 gain in 4 hours from $RKT. Time to give my wife that wedding she always wanted.",03-02-2021 14:29:18,38459,0.78
597,Elon Musk and the SEC in a nutshell,09-28-2018 09:46:16,38422,0.89
598,"The squozening shall squazozzle later than you hope, sooner than you fear, and right when you least expect it. ğŸ’âœŠ",02-23-2021 21:38:37,38421,0.9
599,$950K Buy order waiting to get filled!,02-03-2021 11:17:13,38364,0.9400000000000001
600,CNBC is trying so Hard. LMAO ğŸ˜‚,03-10-2021 02:39:18,38325,0.97
601,Robinhood CEO expected to testify before U.S. House committee on February 18,02-01-2021 16:38:50,38237,0.98
602,Robinhood looking to hire government affairs staffers to navigate their impending congressional hearings,01-29-2021 10:32:03,38212,0.99
603,JUST YOLO'D 330K TO HELP KEEP THIS PARTY GOING TO THE MOON,01-29-2021 13:25:47,38165,0.96
604,Guess what? WSJ has corrected their article that misquoted me this week.,02-03-2021 18:48:38,38164,0.97
605,"You degenerates made The Economist print, ""Daddy Musk.""",02-16-2021 19:08:46,38148,0.96
606,Repost for exposure. OP: u/DNXPeeJay,01-28-2021 10:56:19,38068,0.98
607,"WELCOME TO WALLSTREETBETS, SOLDIERS!",12-10-2020 08:52:47,37900,0.92
608,Surprise mf,03-15-2021 15:05:59,37730,0.9500000000000001
609,GME YOLO/FOMO my second mortgage. 35k to 5mil to 300k. I WILL NOT SELL!,02-04-2021 16:16:15,37714,0.88
610,People are risking their lives to wage war against the suits and it brings tears to my eyes to watch them do it.,01-29-2021 01:56:23,37714,0.98
611,AMC TO PLUTO ğŸš€ğŸš€ğŸš€,01-31-2021 21:37:04,37692,0.88
612,AOC calling out Robinhood,01-28-2021 11:51:46,37600,0.97
613,Upvote to ban all of Canada from the internet,01-31-2017 16:49:30,37571,0.67
614,AirBnB NASDAQ Debut,12-10-2020 21:04:06,37528,0.9500000000000001
615,My losses today donâ€™t compare to these losses. I require a sacrifice from u/LifeLiterature0987,02-01-2021 17:34:51,37482,0.97
616,So it begins..,03-29-2021 01:27:20,37440,0.9400000000000001
617,GME Shareholders Today,01-29-2021 20:00:17,37441,0.98
618,Tesla up 1% today after announcing a $5 billion offering,12-08-2020 15:25:01,37404,0.9400000000000001
619,"For the first time in my life... I feel.. At home ğŸ˜Œ $-148,173.58",04-23-2020 12:19:54,37375,0.9400000000000001
620,Everyone Trading the TSLA Squeeze Today,07-13-2020 22:01:42,37374,0.9500000000000001
621,Even CNBC is now reporting that Melvin and Vlad are in cahoots,02-25-2021 09:47:24,37367,0.97
622,I have analyzed GME prices in relation to Moon phases,03-05-2021 07:23:25,37312,0.9500000000000001
623,GameStop Q4 Earnings Megathread ğŸ¿,03-23-2021 14:30:15,37300,0.86
624,"WALL STREET PLAN - Trying to psychologically scare you with MANIPULATED BIG DIPS and then a SMALL recovery. They want to MAKE YOU DOUBT, that the NEXT BIG DIP, you couldâ€™ve SOLD at Recovery. This has been going on since Thursday for GME & AMC",02-01-2021 11:16:30,37256,0.98
625,"Welcome back, zjz.",02-16-2021 18:24:28,37130,0.89
626,"WELCOME TO ""APE NEVER SELL ERA""ğŸ’ğŸ™ŒğŸ¦ğŸš€ğŸš€ğŸš€ğŸš€",04-06-2021 14:23:57,36967,0.9
627,"RH has to shut down trading due to cash, but they got enough for Super Bowl ads",02-03-2021 08:11:49,36970,0.91
628,"SEC, DOJ, 60 Minutes â€“ Public data suggests massive securities fraud in which hedge funds and institutions have created more Gamestop shares than actually exist for delivery",01-31-2021 20:37:57,36829,0.97
629,Goodnight Mama Su ğŸŒƒ,09-12-2018 20:55:53,36817,0.87
630,This is how I've felt all week. Why give up now?,02-04-2021 16:34:20,36785,0.97
631,GAMESTOP NAMES AMAZON'S ELLIOTT WILKE AS CHIEF GROWTH OFFICER ğŸš€ğŸš€ğŸš€ğŸš€ğŸš€,03-30-2021 06:47:20,36767,0.91
632,Google helps Robinhood after swarm of negative reviews drops company to 1-star rating. Fuck Google and Robinhood,01-30-2021 09:27:29,36701,0.9500000000000001
633,Robinhood still plans restrictions on $GME for Monday. You should already be signed up with a new brokerage.,01-31-2021 19:25:29,36706,0.98
634,"The GME Thread, Part 3.14, for January 27, 2021",01-27-2021 14:26:08,36694,0.93
635,"1year+ WSB member, please protect yourself",01-31-2021 12:59:11,36615,0.89
636,"To Every ğŸ’©ğŸ§»ğŸ™Œ Who Said The Preview Was Faked: Fuck You and Melvin too (Minneapolis, MN)",02-03-2021 10:04:48,36610,0.97
637,Say it with me. WE. ARENT. FUCKIN. SELLING.,01-29-2021 10:11:32,36600,0.98
638,The Mormon church made a 900% return on GME. Forget the moon. GME is headed to the stars aboard the LDSS Nauvoo!,05-18-2021 15:34:29,36551,0.8300000000000001
639,Good Gourd,01-18-2021 07:51:12,36535,0.9500000000000001
640,What would you say you do here?,04-21-2021 21:24:29,36483,0.91
641,You guys are engaging in market manipulation,01-29-2021 23:48:06,36300,0.85
642,Generoustreetbets,03-28-2021 14:30:29,36301,0.91
643,Elon trolls Jeff Bezos 24 hours after divorce announcement.,01-10-2019 23:41:06,36300,0.89
644,I want to thank you guys for saving my best friends life!,01-27-2021 10:00:39,36276,0.97
645,"IF I CAN HOLD AND DFV CAN HOLD, SO CAN ALL YOU RETARDS. WE NEED MORE HYPE IN THIS BITCH LIKE LAST WEEK.ğŸ’ğŸ™ŒğŸ’ğŸ™ŒğŸ’ğŸ™ŒğŸš€ğŸš€ğŸš€ğŸš€ğŸš€ğŸš€",02-01-2021 15:48:55,36240,0.96
646,The phone numbers and personal data of over 553 million Facebook users have been published online for free,04-03-2021 21:01:34,36215,0.93
647,Went balls deep on TLRY/APHA FDs yesterday. Not my finest moment,02-11-2021 21:06:00,36204,0.92
648,For all you apes with Diamond Hands. Your Diamond Hands have gripped my heart!,01-31-2021 23:10:13,36185,0.97
649,------------- Dear Elon -------------,02-07-2021 08:28:53,36111,0.85
650,"Yahoo Finance calling it: ""Robinhood is toast after GameStop backlash""",02-02-2021 07:22:29,35893,0.97
651,"GME Megathread for March 26, 2021",03-26-2021 08:30:21,35888,0.86
652,"Nothing can stop tech, NASDAQ 11K EOW ğŸš€ğŸš€",07-23-2020 08:30:43,35890,0.93
653,M.Shadows(lead singer of Avenged Sevenfold) just wrote this in his AMA ğŸ˜ğŸ˜,02-03-2021 13:21:04,35800,0.97
654,Started with $1200 almost 2 years ago and turned it into 30k as of today,02-19-2021 19:24:50,35753,0.9500000000000001
655,Up (2020),09-02-2020 17:54:05,35732,0.9500000000000001
656,First time buying options be like...,04-29-2021 08:19:07,35641,0.92
657,There will be a lot of FUD in the media this weekend. Checking in to let yâ€™all know Iâ€™m still holding ğŸ’ğŸ™Œ,01-29-2021 17:02:17,35619,0.99
658,Found a Wall Street ğŸŒˆğŸ» in the wild,08-21-2020 20:36:26,35612,0.92
659,A Small Reminder of Some of the Risks Involved,01-29-2021 11:54:21,35594,0.86
660,Yes,10-25-2020 21:31:13,35515,0.9
661,My portfolio the last week be like:,05-11-2021 04:49:54,35467,0.9400000000000001
662,Moderator's Update on Paper Trading Competition #3,04-01-2021 12:00:37,35406,0.89
663,"GME Megathread for March 19, 2021",03-19-2021 08:30:12,35342,0.86
664,SOBER REVIEW TIME - what are the actual data we can use to assess GME as of today?,02-02-2021 19:07:53,35322,0.93
665,How'd you guys manage to win so big it made these old guys drown in their tears?,01-24-2021 08:01:12,35298,0.88
666,Citadel when the ğŸš€ launches,04-07-2021 22:18:53,35235,0.91
667,Just holding on my AMCğŸ“ˆğŸ’,02-01-2021 11:51:55,35202,0.9400000000000001
668,If GME was a sitcom,02-28-2021 17:44:23,35191,0.9400000000000001
669,"TESLA TO THE MOON! Papi musk wearing the â€œcybershoesâ€, gonna sell more than Jordans",02-08-2020 14:46:24,35065,0.84
670,$GME priveous behaviour is IDENTICAL to what is going on now.,02-25-2021 16:22:55,35007,0.9500000000000001
671,Thanks for the Discount ğŸ¤‘ğŸ¤‘ğŸ¤‘,03-16-2021 09:44:15,34979,0.92
672,Even my wife and her boyfriend can't kill my vibe,02-15-2021 10:26:36,34972,0.9500000000000001
673,Cramer to the ğŸš€ğŸš€ğŸš€ğŸš€,12-15-2020 13:55:29,34919,0.93
674,"""How Reddit works"" - CNBC",01-28-2021 14:43:12,34865,0.98
675,EX-SHITADEL EMPLOYEE ON SHADY DARKPOOL ACTIVITIES,04-25-2021 18:07:33,34724,0.91
676,The Tendieman - Lyrics and video by u/quigonshin,01-19-2021 00:47:05,34688,0.97
677,Elon just committed the perfect crime,02-08-2018 09:40:33,34562,0.8200000000000001
678,"Tesla CEO Elon Musk Says stock price is too high, shares fall",05-01-2020 11:19:00,34544,0.9500000000000001
679,"Today, the whole world shall know his name. Say it proudly retards, it's #DEEPFUCKINGVALUE",02-18-2021 08:02:12,34428,0.9500000000000001
680,"You all made this happen. I fucked up and took some profits, but she said yes, so I guess thatâ€™s worth something.",12-20-2020 17:49:23,34419,0.77
681,Who cares about this guy lmao,02-07-2021 19:20:25,34413,0.89
682,"Amid the enthusiasm, there is a dangerous misconception forming that needs to be quashed.",01-31-2021 00:57:09,34360,0.98
683,ROBINHOOD HAS BEEN SUED! OTHERS TO FOLLOW!!!,01-28-2021 12:53:33,34347,0.99
684,Weâ€™ve been compromised!,05-06-2021 11:01:47,34208,0.91
685,You can't have it!,02-03-2021 17:59:48,34208,0.97
686,The true story,02-11-2019 17:41:56,34189,0.9
687,My coworker must be in this sub...RIP,12-02-2020 11:44:00,34166,0.9500000000000001
688,â€œIf you are going to filibuster you should run for the senateâ€ -Absolute Chad Shitting on Shitadel CEO,02-18-2021 13:25:29,34151,0.98
689,We should be compiling links of sources claiming WSB is for silver,02-01-2021 08:45:36,34147,0.96
690,To all the people who were down and held...,02-24-2021 18:00:37,34136,0.9400000000000001
691,GAMESTOP HAS LAUNCHED A SEARCH FOR A NEW CEO ğŸš€ğŸš€ğŸš€,04-12-2021 13:38:22,34131,0.91
692,"Stop reposting the obviously fake screenshot from a robinhood ""insider""",01-28-2021 14:53:11,34085,0.98
693,"A LOT OF YOU HAVE ASKED IF IM STILL ğŸ’ ğŸ™ŒğŸ¼ ING. DOES SECâ€™S WIFEâ€™S BOYFRIEND HAVE A LARGE DICK? FROM $1.75M GAIN TO -$250K. SENATOR, I JUST LIKE THE STOCK",02-16-2021 20:51:26,34055,0.9
694,Monday GME is gonna feel like ğŸ’ğŸ’ğŸ’,02-08-2021 08:05:46,34020,0.87
695,JUST A REMINDER: Shorts don't have an expiration date!,01-29-2021 04:35:47,33997,0.99
696,"""Retail investors are ruining the market""",04-21-2021 10:41:55,33925,0.92
697,HODL,03-10-2021 13:48:17,33794,0.97
698,We gonna let them talk about us like this?,02-06-2021 09:29:36,33752,0.92
699,Guy living in his truck update: $600 -> 130k in 16 days. If I can hold you can fucking hold ğŸ’ ğŸ’ ğŸ’,01-29-2021 21:00:28,33741,0.98
700,$2 billion? We call that a margin small...,03-29-2021 12:11:58,33741,0.9400000000000001
701,A MESSAGE FOR GME SHORT SELLERS,01-29-2021 17:35:08,33721,0.97
702,How I feel buying another 15 GME shares after a hater called me dumb for holding,02-04-2021 23:55:11,33707,0.96
703,This is how i imagine WSB,03-10-2021 13:58:36,33673,0.9500000000000001
704,Robinhood Is Lying - You Are Blocked Acquiring More Than 5 Total Shares,01-29-2021 06:11:53,33658,0.99
705,The growth of WSB on Reddit,03-25-2021 01:43:01,33651,0.9400000000000001
706,$6k â¡ï¸ $192k. Made $170k in day and then stomached yesterdayâ€™s dip. 19 years old and not selling til weâ€™re at a few mil. WE DECIDE GMEâ€™S PRICE â€” HOLD STRONG,01-29-2021 21:24:32,33555,0.97
707,Don't relent now boys. I just bought 1000 on margin. ğŸš€,01-15-2021 09:57:38,33543,0.87
708,This sub in nutshell,09-06-2020 03:31:43,33509,0.96
709,I was there the day the strength of men endured...,01-28-2021 06:43:29,33476,0.98
710,Me and the boys watching GME today,03-11-2021 16:49:01,33469,0.97
711,"20,000% gain..... on one .59 cent option lol 65$ into 12k",02-24-2021 20:17:56,33466,0.97
712,Me getting ready to fight the Hedgies on Monday market open by buying more GME,03-07-2021 10:02:20,33399,0.92
713,After doing my DD on researching Chinese companies everything starts to become clear....,12-02-2020 23:24:45,33380,0.93
714,If youâ€™re wondering why Robinhood wasnâ€™t working...,03-02-2020 17:13:15,33372,0.99
715,Watching your positions at close be like...,04-23-2021 10:15:05,33317,0.91
716,Take it from MARK FUCKING CUBAN. Donâ€™t panic sell and hold that shittt. ğŸ’ ğŸ™ŒğŸ» > ğŸ“„ ğŸ™ŒğŸ»,02-02-2021 19:00:09,33307,0.96
717,Someone is actively driving attention to non-GME posts on reddit. Don't be fooled comrades. ğŸ’ğŸ™ŒğŸš€ğŸš€ğŸš€,01-26-2021 13:07:59,33286,0.88
718,â€œWe live in a fraudulent systemâ€ - someone from the Big Short,03-26-2020 13:09:45,33276,0.9500000000000001
719,WE'RE THE GUARDIANS OF GAMESTOP,01-30-2021 21:59:09,33274,0.98
720,Bought at 300$ at the top but I know my chimps coming to get me soon. Ape never leave ape behind!,03-03-2021 12:20:05,33240,0.86
721,Basic guide to Wallstreetbets culture for Newcomers,01-28-2021 20:51:19,33199,0.97
722,"WHAT, +9000? ğŸš€ğŸš€ğŸš€",01-30-2021 17:55:14,33156,0.98
723,"Fuck it, Heres your daily GME Thread-Megathread 3/2/21",03-02-2021 10:36:10,33071,0.84
724,the squeeze has not yet sqouze. lets discuss!!!,02-09-2021 21:40:39,33071,0.76
725,Stock Tank,07-12-2019 08:18:03,33048,0.92
726,DON'T BELIEVE THE LIES. They're even vibrating my phone trying to push this nonsense.,02-01-2021 08:36:11,33042,0.97
727,Vlad's testimony in a nutshell,02-19-2021 12:07:41,33021,0.97
728,"DIAMOND HANDS... LET'S GO BEYOND, PLUS ULTRA GME!!!!",02-24-2021 15:09:09,33028,0.97
729,"Elon Musk is now the richest person in the world, passing Jeff Bezos",01-07-2021 10:24:47,33009,0.85
730,WSB next week with all gains from GME AMCğŸš€ğŸš€ğŸš€,01-30-2021 21:54:49,33016,0.98
731,Tesla bears in the future,05-22-2020 23:25:43,33000,0.9500000000000001
732,Reviewing my GME investment,05-10-2021 07:35:56,32976,0.87
733,I just like this stock,01-31-2021 19:11:56,32910,0.97
734,"GME Megathread for March 25, 2021",03-25-2021 08:30:24,32737,0.87
735,"Marc Cohodes says has the evidence to blow up Citadel, maybe let's get some visibility for this guy?",01-28-2021 22:00:25,32678,0.98
736,I'm 26 and I like this stock,01-31-2021 10:49:20,32653,0.96
737,"Note down every single person and News channel promoting silver using our name, and now you have a list of news channels and people not only manipulating, but they are insiders who you definitely canâ€™t trust ever again. Their loss tbh.",02-01-2021 13:56:44,32585,0.97
738,This meme was posted here over a year ago - Keeping this in mind is how I've always managed to get in and out for profit on any WSB mentioned stock,02-12-2021 12:15:34,32580,0.96
739,"Nice dip. I just bought another 775 shares of GME with $100k worth of margin. Thank you, hedgie ladder traders.",02-02-2021 09:31:16,32578,0.92
740,"JUST YOLOâ€™D 50K EGP, LOVE FROM EGYPT",01-29-2021 10:21:17,32520,0.98
741,Dear CNBC,02-12-2021 18:19:24,32505,0.9500000000000001
742,STILL HOLDIN,02-04-2021 22:16:04,32507,0.87
743,State of the Spectrum,02-06-2020 07:36:33,32483,0.89
744,"I, too, adopted a gorilla",03-13-2021 19:31:27,32407,0.96
745,Me tomorrow after PLTR earnings,05-10-2021 15:38:59,32349,0.91
746,The Federal Reserve vs Covid-19,04-11-2020 09:48:27,32322,0.9500000000000001
747,GME EndGame part 3: A new opponent enters the ring,01-25-2021 19:52:36,32255,0.92
748,When the puts go from -99% to -98%,04-13-2020 08:34:55,32245,0.9400000000000001
749,POWER TO THE PLAYERS,01-26-2021 23:22:53,32196,0.97
750,"Guys i just want to say , i never been more proud being a redditor in my life",01-28-2021 05:17:02,32180,0.97
751,The Legend Of 1R0NYMAN,01-20-2019 09:50:03,32150,0.93
752,Hedge Fund Billionaire Claims Americans Are 'Getting Checks From The Government' And Investing 'To Attack Wealthy People',01-30-2021 05:24:02,32130,0.98
753,"Absolute scum, we cannot let these fuckers get away with this",01-28-2021 15:03:17,32086,0.99
754,"GME Megathread for Thursday February 25th, 2021",02-25-2021 08:02:39,32072,0.92
755,Visual representation of $GME price from 1/29 to today,03-10-2021 08:06:32,32031,0.9500000000000001
756,I said Iâ€™d buy more so I did. I will buy more.,04-20-2021 04:54:14,32012,0.89
757,Heard it cost 200k in losses to join this group. This is my application.,05-03-2021 15:13:44,32019,0.9
758,Former playboy bunny Holly Madison says bulls hold the line (top confirmed).,06-20-2020 13:20:57,32006,0.86
759,"A man gave each of his 3 girlfriends $5,000 as a test",04-16-2018 20:26:55,31862,0.88
760,I Pledge to Delete RobinHood After The Great Rise. Whoâ€™s With Me?,01-28-2021 10:55:12,31833,0.99
761,Are you a Robinhood employee and looking for QUICK TENDIES? Get $5.5 million on average as whistleblower!,01-29-2021 17:16:01,31714,0.99
762,No bitch only you restricted trading . This is from the robinhood daily email.,01-29-2021 08:17:24,31704,0.96
763,Summary of the hearing if you've been missing out,02-18-2021 14:30:16,31705,0.98
764,A little wordplay,12-12-2020 17:55:27,31606,0.88
765,Please control your risk. Please protect your mental health and wellbeing.,02-03-2021 03:21:47,31541,0.78
766,"GameStop (GME) plans to expand into PC gaming, monitor, & gaming TV sales",03-23-2021 18:59:47,31538,0.96
767,Explaining to a friend why they should YOLO on GME like...,02-01-2021 17:51:53,31528,0.9500000000000001
768,Congrats autists! The Cover of Bloomberg Businessweek!,02-26-2020 08:05:51,31471,0.99
769,Elon Musk's apology is out,07-18-2018 15:15:57,31419,0.91
770,First image of Martin Shkreli after prison release in 2025,03-14-2018 16:19:59,31416,0.91
771,Daily reminder that buying GME at 300 before 28/1 was a great play at the time.,02-12-2021 10:21:46,31390,0.8300000000000001
772,"I'm back, bitches!",09-07-2020 10:35:02,31384,0.87
773,"GME Megathread for March 23, 2021",03-23-2021 08:30:13,31368,0.84
774,GME What About Second Breakfast Club Megathread,01-29-2021 10:26:04,31363,0.9500000000000001
775,Vibe at work while the GME rocket flies,03-09-2021 15:10:51,31341,0.97
776,Watching everyone post millions in Gain Porn as I continue to hold my 15 GME shares.,01-14-2021 11:38:42,31324,0.93
777,WSB is probably still compromised,02-06-2021 11:53:17,31316,0.9500000000000001
778,"GME is about more than just money, GME is about sending a message",01-28-2021 03:53:20,31306,0.98
779,This Autist filed an SEC complaint against Melvin Capital. It aint much but its honest work.,01-26-2021 13:39:38,31198,0.96
780,Even the MOOCH knows weâ€™re coming for the suits!!!,01-27-2021 10:10:16,31156,0.98
781,No FOMO,05-06-2021 15:33:26,31150,0.9500000000000001
782,Even the smallest person can change the course of the future.,04-26-2021 08:01:33,31127,0.89
783,"GME and AMC are dead, and here's why.",02-09-2021 19:39:08,31122,0.84
784,Fresh technical analysis on TSLA from our favorite meme stock analyst,12-21-2020 10:54:15,31122,0.9500000000000001
785,Long $AMZN,06-02-2020 12:30:15,31099,0.9500000000000001
786,"Buy High, Sell Never ğŸ’ğŸ‘ ğŸš€ğŸš€ğŸš€",01-28-2021 01:30:47,31058,0.98
787,"GME Megathread for March 08, 2021",03-08-2021 08:30:21,31030,0.89
788,Im ready to be sent to outer space ğŸš€ğŸš€ğŸš€,02-26-2021 08:08:16,30996,0.97
789,Massachusetts regulators seek to revoke Robinhood's license; brokerage sues.,04-15-2021 18:18:09,30963,0.9500000000000001
790,Maybe I should stop listening to myself,05-20-2021 08:31:30,30948,0.9400000000000001
791,HEY MARK CUBAN !!!!,02-02-2021 11:45:13,30939,0.91
792,I became an MVIS Millionaire Today!,04-26-2021 23:41:53,30897,0.86
793,IM NOT SELLING THIS UNTIL AT LEAST $1000+ GME ğŸš€ğŸš€ğŸš€ğŸš€ğŸš€ğŸš€ BUCKLE THE FUCK UP,01-25-2021 05:06:32,30887,0.91
794,Someone needs to check up on my mans over here,02-02-2021 13:46:20,30881,0.9500000000000001
795,Actual footage of me and the boys on our way to the moonğŸš€ğŸš€ğŸš€ğŸš€,03-04-2021 14:33:02,30831,0.9400000000000001
796,An Update on the WSB Coup d'Ã©tat,02-04-2021 20:12:30,30819,0.96
797,"Bloomberg now insisting GME is ""old news."" HA! Pathetic last ditch effort. We got em by the balls now, HOLD ğŸš€",02-01-2021 12:37:31,30801,0.98
798,"Laughing stock of the family after this. Feels great, man.",02-07-2021 01:46:44,30794,0.9
799,The only two essential Apps to download on the App Store,01-28-2021 04:12:23,30758,0.8200000000000001
800,Brings a tear to my eye,03-12-2021 07:56:44,30693,0.97
801,$RBLX holders,05-11-2021 15:19:47,30697,0.9
802,Some call me a prostitute. I prefer to be called a whore.,05-22-2021 10:00:24,30687,0.86
803,"""If YoU wAnT tO gAmBlE, uSe A cAsInO""...shutup, we are. WSB isn't the problem, WSB unveiled the problem.",01-30-2021 13:37:03,30689,0.98
804,GME price is too damn low !,01-27-2021 11:22:46,30666,0.98
805,The FT are struggling to find printable comments from the sub.,03-09-2021 03:13:37,30653,0.97
806,GME Breakfast Club Megathread,01-29-2021 08:11:27,30640,0.9500000000000001
807,Our favorite analyst has spoken!,01-26-2021 10:52:19,30628,0.96
808,"If this is true, then it goes deeper than we thought.",01-29-2021 07:17:13,30608,0.98
809,Gamma squeeze coming. ğŸ’ ğŸ‘ ğŸ’ ğŸ™Œ. GME ğŸš€ğŸš€ğŸš€ğŸš€ğŸš€ğŸš€,02-27-2021 22:16:52,30583,0.93
810,The economy will collapse tomorrow,02-11-2021 11:56:02,30541,0.8300000000000001
811,Kenneth Griffin totally not reading from a script,02-18-2021 13:31:20,30539,0.97
812,3D Printer GO BRRRRRRRRR!,02-03-2021 18:07:11,30487,0.96
813,$NOK $BB $BBBY $GME $AMC $EXPR,01-27-2021 12:35:05,30472,0.87
814,Beware The Imposters,01-28-2021 15:08:37,30429,0.98
815,WE'RE NOT FUCKING SELLING. WE LIKE THE STOCK ğŸš€ğŸš€ğŸš€ğŸš€ğŸš€ğŸ’ğŸ‘,01-29-2021 15:58:20,30409,0.99
816,"Thank you, Dr. Burry",01-27-2021 19:50:20,30394,0.98
817,Nice headline NYT,01-30-2021 11:08:20,30342,0.98
818,Elon is Lurking the WSB Discord,01-26-2021 18:27:13,30294,0.96
819,Guys ! Are we buying calls on water or puts on Somalia ??,12-08-2020 04:38:51,30285,0.92
820,Day 2 of GameStop Hearing - House Committee of Financial Services,02-13-2021 23:55:37,30287,0.9400000000000001
821,"GME YOLO UPDATE: DOWN ANOTHER $7,000,000 STILL HOLDING! âœ‹ğŸ’ğŸ¤š We will not let them scare us. ğŸš€ğŸš€ğŸš€ğŸš€",02-02-2021 09:52:49,30225,0.97
822,$50 billion in losses to hedge funds since January 2021 ğŸ’¥ğŸ’¥ğŸ’¥,01-30-2021 18:24:13,30222,0.98
823,"GME Megathread for Wednesday, February 24th, 2021",02-24-2021 09:24:58,30217,0.91
824,WSB gearing up for another day of trading,03-18-2021 00:33:48,30212,0.93
825,Just bought 7 Billboards along every major highway in Orlando. To show the world I love GME.,01-30-2021 23:12:31,30178,0.98
826,Iâ€™ve never seen a clearer message from god.,12-16-2020 20:43:02,30173,0.9400000000000001
827,Elon Musk prepares for the Q1 earnings call,04-30-2020 06:28:09,30144,0.93
828,Hedge Funds using bots on WSB to try and find the next â€œbig stockâ€,02-04-2021 04:25:52,30137,0.96
829,PAPA Chamath!â¤,01-27-2021 13:21:41,30105,0.99
830,"Only a college student...but citadel denied my internship application, so now itâ€™s personal ğŸš€ ğŸš€ğŸš€",01-31-2021 18:42:24,30025,0.97
831,PSA: RobinHood wonâ€™t recognize your face if youâ€™re crying. Make sure to regain your composure before logging in to panic sell.,12-07-2018 13:59:59,30019,0.9500000000000001
832,He's already dead,04-20-2020 14:24:59,30015,0.9500000000000001
833,The year is 2037. GME is $320 share.,01-30-2021 23:33:18,29978,0.96
834,THE COMEBACK!!!!!,02-24-2021 19:34:15,29976,0.98
835,I'm Sick of Hearing Wall Street Act Like We Can't Handle Risk,01-27-2021 22:53:40,29972,0.98
836,GME! ğŸš€,02-23-2021 16:38:22,29973,0.9500000000000001
837,"GME Megathread for March 09, 2021",03-09-2021 08:30:12,29962,0.9
838,Bloomberg and other media is trying to tell us that itâ€™s over and short interest for $GME has dropped all the way from 120% to 39%. âš ï¸This is false.âš ï¸ That massive amount of short closing would show as a MASSIVE increase in volumeğŸ“ˆ and MASSIVE increase in stock priceğŸ“ˆ BUY THE FUCKING DIPğŸš€ğŸš€,02-01-2021 18:45:52,29928,0.97
839,"Happy Cake Day, Wallstreetbets.",01-31-2021 20:13:25,29900,0.96
840,I AM NOT A CAT!,03-08-2021 13:33:03,29905,0.97
841,Dimitri finds out about GME,03-09-2021 09:42:54,29841,0.96
842,Billboard Outside of Baltimore,02-01-2021 13:13:49,29822,0.98
843,Took longer to print this than being down 80% on GME. Still holding.,02-06-2021 20:18:44,29824,0.9400000000000001
844,Vibe of the past week,03-05-2021 12:03:22,29789,0.96
845,Kanye gets it,07-28-2020 15:27:58,29783,0.93
846,I get butterflies when I see this,01-30-2021 21:51:46,29771,0.9400000000000001
847,Please go vote ! DFV asking for our opinion,04-11-2021 18:11:38,29746,0.89
848,Me preparing to throw large sums of money at the new meme stock,12-16-2020 12:47:56,29728,0.88
849,Me at my job interview after I just watched The Big Short and got banned from Day Trading in RobinHood,01-31-2021 09:01:53,29707,0.96
850,"Papa is signalling us, stock will go up from 1000% to 10000% by 2022 ğŸ“ˆ",09-22-2020 09:02:14,29710,0.89
851,APES TOGETHER STRONG!!! ğŸš€ğŸ¦ğŸš€,03-14-2021 00:03:05,29641,0.97
852,"Print that shit, Janet",12-06-2020 20:23:52,29630,0.93
853,You guys are coming back for me right??GME @ 240 HOLDING,02-07-2021 02:47:44,29598,0.92
854,The face of a man days from bankruptcy,01-21-2021 11:33:12,29585,0.91
855,Boys we are literally going to the moon!,01-24-2021 14:40:01,29581,0.88
856,WSB gets emotional on Mad Money,01-21-2021 02:59:52,29553,0.96
857,Me holding no gme shares getting ready for short squeeze ğŸ¤‘ğŸ¤ªğŸš€ğŸ¢ğŸ¦–ğŸ†ğŸ†ğŸ¢ğŸ¦–ğŸ™ˆğŸ™‰ğŸµğŸ’ğŸ†ğŸ’°ğŸ‘¾ğŸ‘¾ğŸ‘¾,02-25-2021 00:58:22,29544,0.96
858,"Financial Times of London quoting u/openposition69, what is happening? ğŸš€ğŸš€ğŸš€",01-26-2021 06:16:04,29515,0.96
859,Investment advice from WSB,06-02-2018 19:59:19,29515,0.9500000000000001
860,"What can I say, you win some, you lose someğŸ˜",10-19-2020 06:30:13,29491,0.9500000000000001
861,BB - Now you see why Wall Street wants to keep this under $15. Let's make them pay out all these contracts tomorrow. PT: $30+,01-28-2021 19:28:25,29488,0.9500000000000001
862,I have hit a million! GME to the moon!ğŸš€ğŸš€ğŸš€ğŸš€ğŸš€ğŸš€ğŸš€ğŸš€ğŸš€ğŸš€ğŸš€ğŸš€ğŸš€ğŸš€ğŸš€ğŸš€ğŸš€ğŸš€ğŸš€ğŸš€ğŸš€ğŸš€ğŸš€ğŸš€ğŸš€ğŸš€ğŸš€ğŸš€ğŸš€ğŸš€,01-27-2021 10:59:25,29483,0.98
863,"After-hours is already at 154, where are the two retards that promised a tattoo at 100?",02-24-2021 17:10:42,29465,0.98
864,At some point deepfuckingvalue will sell and thats ok.,01-30-2021 01:39:47,29434,0.9400000000000001
865,IM TYRONE! Sent this to my buddy.,06-25-2020 13:39:05,29424,0.92
866,"GME Megathread for March 15, 2021",03-15-2021 08:30:18,29414,0.9
867,The reason DVF is so succinct in his answers.,02-18-2021 16:44:15,29375,0.96
868,Wait what?,03-25-2021 15:56:39,29346,0.96
869,Who's in control here? We are! ğŸš€ğŸš€ğŸš€ğŸ¤‘ğŸ¤‘ğŸ¤‘ğŸŒ•ğŸŒ•ğŸŒ•,01-13-2021 09:53:39,29347,0.92
870,"GME Megathread for March 3rd, 2021",03-03-2021 08:04:26,29339,0.86
871,500k loss today. STILL HOLDING.,02-01-2021 15:38:31,29330,0.97
872,$1M from $460: Video so the haters among you donâ€™t doubt,12-07-2020 14:07:52,29320,0.9
873,"GME Megathread for March 22, 2021",03-22-2021 08:30:11,29235,0.87
874,"Russian Disrupters? Well FUCK YOU TOO, KIMMEL! GME ğŸš€ğŸš€ğŸš€ğŸš€ğŸš€ğŸš€ WE'LL SHOW YOU DISRUPTION!!",02-01-2021 01:39:44,29186,0.96
875,"This morning I woke up and spend $10,000 on 250x PLTR calls for no reason. My whole thesis behind it was â€œomg Iâ€™m gonna get so many upvotes and awards on Reddit when I post my loss pornâ€ FML nothing ever goes my way!",04-13-2021 20:27:58,29176,0.9
876,WE WILL NOT GO QUIETLY INTO THE NIGHT,01-29-2021 04:55:47,29146,0.99
877,DON'T LET ROBINHOOD BECOME THE SCAPEGOAT. This goes deeper -- CITADEL fulfills most of Robinhoods orders. THEY ARE THE ONES CANCELLING WSB.,01-28-2021 10:37:58,29103,0.99
878,"With regard to the ""they're just defining a short squeeze"" and ""this language is common in SEC filings"" response to the GME 10-K filing",03-23-2021 21:01:22,29060,0.92
879,Bought GME in 2014. Held at $4. Held at $400. Held at $40. Still in.,03-09-2021 11:10:04,29060,0.96
880,"GME Megathread for March 12, 2021",03-12-2021 08:30:14,29010,0.89
881,Do not despair +400 $GME apes! ğŸ¦ Coming for you tomorrow ğŸ’ğŸ™ŒğŸš€,03-11-2021 17:21:25,28963,0.96
882,When r/investing visits wsb to see how we're so successful,12-09-2020 17:23:25,28916,0.96
883,How come no one is talking about the DUPLICATE charts of GME / AMC today? This was completely coordinated Every Dip and Every Peak Lined up perfectly,02-01-2021 21:18:50,28913,0.97
884,Holding the line from Amsterdam,03-01-2021 11:16:48,28892,0.92
885,Never bet against the doctor,04-27-2021 16:43:42,28868,0.92
886,RKT YOLO update - Mar 2 2021 - this aged well,03-02-2021 16:03:14,28858,0.8200000000000001
887,"Proof of a bet I made. I didn't know how else to flair this, so ""meme."" Mods, please don't ban me. This is safe for work.",03-08-2021 17:51:59,28855,0.9400000000000001
888,Elon just called out Robinhood on Clubhouse ğŸ˜‚,02-01-2021 02:22:38,28829,0.97
889,When your friends and family call you crazy for going all in on $TSLA at the beginning of the year.,12-17-2020 18:54:27,28743,0.91
890,THE TRUE WSB LOGO IS BACK!!! The ugly baby is gone forever! Mission accomplished! This is a win for all of America!,04-08-2020 11:37:06,28718,0.88
891,"GME Megathread for March 24, 2021",03-24-2021 08:30:11,28709,0.86
892,Reddit just added a diamond handed autist as an avatar and Iâ€™ve never wanted to buy premium so much,01-29-2021 21:37:59,28657,0.96
893,Depression is back on,04-09-2020 05:16:06,28649,0.9400000000000001
894,A Hedge Fund tries to by r/wallstreetbet's GME,01-31-2021 09:17:47,28637,0.97
895,Investing: 2021 Edition,02-26-2021 20:33:26,28634,0.97
896,Wall Street Saves Melvin Capital (Heartwarming),02-02-2021 19:36:40,28629,0.97
897,The CEO of Reddit raising what seems to be a nice glass of IPA after his testimony on the Robinhoodâ„¢ï¸ hearing today like a boss !,02-18-2021 16:09:28,28570,0.92
898,The Season of Perpetual Hope,03-30-2021 12:00:45,28556,0.9400000000000001
899,Watch me remake $GME's logo in 5 seconds,01-28-2021 23:53:20,28558,0.97
900,comparable to the feeling when the DVD logo hits the corner,02-18-2021 14:28:58,28526,0.98
901,"GME Megathread for March 16, 2021",03-16-2021 08:30:20,28443,0.89
902,When you find out that the founder of your largest e-commerce competitor is missing,01-04-2021 02:48:55,28437,0.9500000000000001
903,"GME Megathread for March 11, 2021",03-11-2021 08:30:19,28394,0.89
904,"Mama, we made it.",09-15-2020 11:05:25,28379,0.9400000000000001
905,Target Acquired,01-26-2021 11:43:05,28360,0.91
906,"Whats happening right now is not a sell-off, but Melvin want to trigger one",02-02-2021 08:29:47,28319,0.97
907,"If $GME hits 1K Monday, I'm getting a ğŸ’ğŸ–ï¸ tattoo. Who's in?",01-30-2021 13:19:23,28285,0.97
908,Me selling all my NOK and AMC to buy GME,01-27-2021 12:40:49,28282,0.85
909,Chamath Palihapitiya - Thanks for supporting us at NBC today,01-27-2021 12:45:47,28234,0.99
910,"GME Megathread for March 30, 2021",03-30-2021 08:30:14,28203,0.87
911,We fucking did it bois,01-25-2021 15:17:05,28196,0.97
912,Apple 8K Filing,01-02-2019 21:17:29,28187,0.9500000000000001
913,Even the Onion is with us. Give us back our tendies RH ğŸğŸğŸ,02-01-2021 03:21:46,28148,0.98
914,"Jim Cramer openly admitting to the immoral ""tricks"" he and other short sellers use to manipulate stock prices",01-30-2021 18:03:27,28120,0.98
915,Long af $BABA,05-07-2021 23:04:06,28096,0.91
916,r/WSB is literally going down in history for exposing how hedge funds create instability in financial markets. Imagine getting owned by retards ğŸš€ğŸš€ğŸš€ğŸš€ğŸš€ğŸš€ğŸŒ•,02-01-2021 01:11:49,28088,0.98
917,My experience after buying a stock because of a redditorâ€™s DD,05-11-2021 22:17:59,28081,0.93
918,THEY ARE BLEEDING AND THEY ARE DESPERATE!!!!!,01-29-2021 21:23:58,28065,0.98
919,They still never appear live at the same time...,02-18-2021 12:27:01,28065,0.9400000000000001
920,GME and $80 Stocks. Why to not worry.,02-02-2021 22:17:07,28044,0.9400000000000001
921,"For those who have been around for a while: What are the most outlandish bets, gains, or losses you've seen on r/wallstreetbets?",01-29-2021 16:23:26,28026,0.93
922,"GME Megathread for March 29, 2021",03-29-2021 08:30:16,28014,0.87
923,It's not about money...itâ€™s about sending a message.,07-23-2020 15:56:54,28007,0.9500000000000001
924,AUSTRALIAN APE SEES INTO FUTURE,02-02-2021 18:45:55,28002,0.97
925,a wise man once said,05-17-2020 20:00:01,27918,0.84
926,"Quit my job to trade for a living, ended up losing everything... wasted 4 years of my life.",02-09-2020 05:04:13,27897,0.92
927,WSB presents Chad Money,05-24-2021 13:37:48,27804,0.84
928,Reddit is saving America,01-28-2021 07:41:50,27795,0.97
929,You are witnessing Hedge Funds Panic! DONâ€™T SELL,01-29-2021 07:16:33,27771,0.99
930,"GameStop raises $551 million to accelerate e-commerce push, shares jump",04-27-2021 09:03:19,27756,0.96
931,Tesla to the moon,07-13-2020 09:53:20,27722,0.93
932,Buy $TSLA,11-23-2019 23:20:27,27661,0.92
933,"Most Anticipated Earnings Releases for the week beginning February 15th, 2021",02-13-2021 08:44:41,27612,0.93
934,The GME Afterhours Thread: Part 4.20 on 27 January,01-27-2021 16:26:35,27603,0.96
935,70k to 1.5M - BOW TO YOUR GOD,02-19-2020 12:46:11,27580,0.8200000000000001
936,"We look now, across the vast ocean between us, to our European and Asian fellows in this war. It is up to you now, to help us enter this next day with fire in our hearts and our sell buttons disabled. To the next galaxy, comrades ğŸš€ğŸš€ğŸš€ğŸš€ğŸš€ğŸš€ğŸš€ğŸš€",01-27-2021 22:24:20,27575,0.98
937,Iâ€™ve lost so much hair I could make my own $ROPE,04-24-2020 08:46:10,27521,0.9400000000000001
938,First 20 bagger! GME to 100 EOW,01-22-2021 11:29:17,27525,0.92
939,"Got my tendies and my bitch and we flying to the moon in Papa's whip! Next stop, MONDAY!",12-18-2020 13:38:47,27525,0.85
940,Should we short Tesla stock now?,05-07-2020 02:17:44,27507,0.93
941,Found out how to buy call options yesterday,03-12-2021 16:03:36,27505,0.9400000000000001
942,DO NOT BUY SILVER!,01-31-2021 15:11:20,27497,0.85
943,"Literally ONE MONTH AGO, SEC Charged Robinhood Financial With Misleading Customers About Revenue Sources and Failing to Satisfy Duty of Best Execution",01-30-2021 02:17:32,27488,0.99
944,GME with AMC and BB overlay - Virtually Identical.,01-29-2021 15:14:39,27480,0.98
945,"6 days ago : ""If GME reaches 200 by end of year I will get this tattooed on my ass"" - /u/Camel-Kid",01-27-2021 02:30:13,27483,0.98
946,WALLSTREETBETS VS WALLSTREET: SHORT SQUEEZE ROUND 2,02-25-2021 18:40:53,27473,0.98
947,"My SURGEON Is On WSB, And Basically Just Called Me A Retard",10-12-2020 14:21:26,27465,0.9
948,"Me, a long time lurker who suddenly YOLOâ€™d on $GME trying to understand how I got myself into this mess.",03-02-2021 23:48:24,27458,0.9400000000000001
949,Jokes on them. Red is my favorite color,02-01-2021 10:32:12,27461,0.98
950,All of Reddit is holding with us! Thank you to the other communities holding the line! DIAMOND HANDS!!,02-01-2021 22:15:38,27414,0.98
951,"There's a difference between joining wsb and becoming a member. Today, many of you became members",02-01-2021 16:18:06,27407,0.96
952,"Man stole $122m from Facebook and Google by sending them random bills, which the companies dutifully paid",03-24-2019 20:47:54,27345,0.97
953,Daddy musk latest filing ğŸ˜‚ see red circle,03-16-2021 10:39:35,27331,0.9
954,I was homeless a year ago. I had $1201.36* to my name when they deposited that first stimulus check. I survived off of that while I waited another 6 months trying to get unemployment from my corruptstate. Thanks to you retards I took all of my money into the stock market in October. Thanks,03-08-2021 15:17:31,27327,0.96
955,"Not to brag, but looks like Iâ€™m so autistic that people are writing articles about my exploits",05-07-2020 15:55:27,27320,0.9500000000000001
956,Hey if it's fucking yellow outside does that mean stocks are gonna go up or down?,09-09-2020 15:43:37,27320,0.9500000000000001
957,Using literal chicken shit to predict next week ft. babey chickies,06-27-2020 06:38:34,27298,0.9500000000000001
958,"GME YOLO UPDATE: BACK OVER $5,000,000! (20,000 Shares) âœ‹ğŸ’ğŸ¤š The roller coaster was fun yesterday. ğŸš€ğŸš€ğŸš€ğŸš€ Honestly, I like the stock, Ryan Cohen, cats, games, chicken tendies and whiskey in no particular order.",03-11-2021 13:15:06,27290,0.9400000000000001
959,"Why we're still winning, and why we're still going to the moon. [REASSURANCE DD]",02-01-2021 20:37:02,27278,0.97
960,Not. Fucking. Selling! GME AMCğŸ’ğŸ™ŒğŸ» Who's with me?,02-01-2021 10:29:11,27269,0.98
961,This is why you donâ€™t bet against Elon.,12-04-2020 12:48:02,27255,0.89
962,Your Bank Accountâ€™s Worst Nightmare,10-31-2020 20:38:19,27211,0.96
963,Value Investing?,01-11-2019 15:08:36,27194,0.87
964,Which one you retards did this?,11-13-2020 15:57:42,27175,0.99
965,Recording of GME rocket lift off. Kramer losing his mind.,01-27-2021 10:00:02,27147,0.98
966,"In honor of the legend after seeing that WSJ article. Someone can probably do it a lot better than me, but would be cool to see on the logo if even temporarily.",01-29-2021 16:28:39,27098,0.9
967,Me frantically trying to turn $400 into the $10K I lost before my wife finds out.,03-04-2019 14:12:26,27054,0.9400000000000001
